Workbook

Sheet Torsty-MLST
A1: sampleid | B1: species | C1: subspecies | D1: ST_ariba-as | E1: TP0136_ariba-as | F1: TP0548_ariba-as | G1: TP0705_ariba-as | H1: ST_spades | I1: TP0136_spades | J1: TP0548_spades | K1: TP0705_spades | L1: same_ST | M1: same_136 | N1: same_548 | O1: same_705 | P1: TP0136_consensus | Q1: TP0548_consensus | R1: TP0705_consensus | S1: ST_Consensus | T1: pubmlst_ST | U1: ST_Method_Consensus
A2: 15169_6#52.Treponema.ds2500000-reads | B2: tpallidum | C2: TPA | D2: - | E2: 10? | F2: 14 | G2: 10 | H2: 20 | I2: 10 | J2: 14 | K2: 10 | L2: different | M2: different | N2: same | O2: same | P2: 10 | Q2: 14 | R2: 10 | S2: 20 | T2: - | U2: 20
A3: 15169_6#53.Treponema.ds2352679-reads | B3: tpallidum | C3: TEN | D3: - | E3: 11? | F3: 50? | G3: 10 | H3: - | I3: 17? | J3: 50? | K3: 10 | L3: same | M3: different | N3: same | O3: same | P3: - | Q3: 50? | R3: 10 | S3: - | T3: - | U3: -
A4: 15169_6#54.Treponema.ds2500000-reads | B4: tpallidum | C4: TPA | D4: - | E4: 10? | F4: 14 | G4: 10 | H4: 20 | I4: 10 | J4: 14 | K4: 10 | L4: different | M4: different | N4: same | O4: same | P4: 10 | Q4: 14 | R4: 10 | S4: 20 | T4: - | U4: 20
A5: 15169_6#56.Treponema.ds2500000-reads | B5: tpallidum | C5: TPA | D5: - | E5: 10? | F5: 14 | G5: 10 | H5: 20 | I5: 10 | J5: 14 | K5: 10 | L5: different | M5: different | N5: same | O5: same | P5: 10 | Q5: 14 | R5: 10 | S5: 20 | T5: - | U5: 20
A6: 15169_6#60.Treponema.ds2500000-reads | B6: tpallidum | C6: TPA | D6: - | E6: 10? | F6: 14 | G6: 10 | H6: 20 | I6: 10 | J6: 14 | K6: 10 | L6: different | M6: different | N6: same | O6: same | P6: 10 | Q6: 14 | R6: 10 | S6: 20 | T6: - | U6: 20
A7: 15169_6#65.Treponema.ds2500000-reads | B7: tpallidum | C7: TPA | D7: - | E7: 6 | F7: 13 | G7: 10 | H7: 21 | I7: 1 | J7: 13 | K7: 10 | L7: different | M7: different | N7: same | O7: same | P7: - | Q7: 13 | R7: 10 | S7: 21 | T7: 21 | U7: 21
A8: 15169_7#74.Treponema.ds2500000-reads | B8: tpallidum | C8: TPA | D8: - | E8: 11? | F8: 15 | G8: 10 | H8: 23 | I8: 12 | J8: 15 | K8: 10 | L8: different | M8: different | N8: same | O8: same | P8: 12 | Q8: 15 | R8: 10 | S8: 23 | T8: - | U8: 23
A9: 19444_8#14.Treponema.ds2033782-reads | B9: tpallidum | C9: TPE | D9: - | E9: 11? | F9: 15? | G9: 10 | H9: - | I9: 11? | J9: 15? | K9: 10 | L9: same | M9: same | N9: same | O9: same | P9: 11? | Q9: 15? | R9: 10 | S9: - | T9: - | U9: -
A10: 19444_8#15.Treponema.ds1410649-reads | B10: tpallidum | C10: TPE | D10: - | E10: 11? | F10: 15? | G10: 10 | H10: - | I10: 11? | J10: 15? | K10: 10 | L10: same | M10: same | N10: same | O10: same | P10: 11? | Q10: 15? | R10: 10 | S10: - | T10: - | U10: -
A11: 19444_8#2.Treponema.ds2500000-reads | B11: tpallidum | C11: TPE | D11: - | E11: 11? | F11: 15? | G11: 10 | H11: - | I11: 11? | J11: 15? | K11: 10 | L11: same | M11: same | N11: same | O11: same | P11: 11? | Q11: 15? | R11: 10 | S11: - | T11: - | U11: -
A12: 19444_8#6.Treponema.ds996438-reads | B12: - | C12: TPE | D12: - | H12: - | I12: 11? | J12: 15? | K12: 10 | L12: same | M12: different | N12: different | O12: different | P12: - | Q12: - | R12: 10 | S12: - | T12: - | U12: -
A13: 19444_8#9.Treponema.ds1440088-reads | B13: tpallidum | C13: TPE | D13: - | E13: 11? | F13: 15? | G13: 10 | H13: - | I13: 11? | J13: 15? | K13: 10 | L13: same | M13: same | N13: same | O13: same | P13: 11? | Q13: 15? | R13: 10 | S13: - | T13: - | U13: -
A14: 22931_6#11.Treponema.ds2500000-reads | B14: tpallidum | C14: TPA | D14: - | E14: 35? | F14: 1 | G14: 1 | H14: 2 | I14: 1 | J14: 1 | K14: 1 | L14: different | M14: different | N14: same | O14: same | P14: 1 | Q14: 1 | R14: 1 | S14: 2 | T14: - | U14: 2
A15: 22931_6#12.Treponema.ds778035-reads | B15: tpallidum | C15: TPA | D15: - | E15: 24? | F15: 2 | G15: 3 | H15: - | I15: 24? | J15: 2 | K15: 3 | L15: same | M15: same | N15: same | O15: same | P15: 24? | Q15: 2 | R15: 3 | S15: - | T15: - | U15: -
A16: 22931_6#13.Treponema.ds2422288-reads | B16: tpallidum | C16: TPA | D16: - | E16: 24? | F16: 2 | G16: 3 | H16: 6 | I16: 3 | J16: 2 | K16: 3 | L16: different | M16: different | N16: same | O16: same | P16: 3 | Q16: 2 | R16: 3 | S16: 6 | T16: - | U16: 6
A17: 22931_6#4.Treponema.ds2207961-reads | B17: tpallidum | C17: TPA | D17: - | E17: 6 | F17: 1 | G17: 1 | H17: 2 | I17: 1 | J17: 1 | K17: 1 | L17: different | M17: different | N17: same | O17: same | P17: - | Q17: 1 | R17: 1 | S17: - | T17: - | U17: -
A18: 22931_6#5.Treponema.ds2500000-reads | B18: tpallidum | C18: TPA | D18: - | E18: 21? | F18: 3 | G18: 1 | H18: 1 | I18: 1 | J18: 3 | K18: 1 | L18: different | M18: different | N18: same | O18: same | P18: 1 | Q18: 3 | R18: 1 | S18: 1 | T18: - | U18: 1
A19: 22931_6#6.Treponema.ds2500000-reads | B19: tpallidum | C19: TPA | D19: - | E19: 35? | F19: 3 | G19: 1 | H19: 1 | I19: 1 | J19: 3 | K19: 1 | L19: different | M19: different | N19: same | O19: same | P19: 1 | Q19: 3 | R19: 1 | S19: 1 | T19: - | U19: 1
A20: 22931_6#7.Treponema.ds726081-reads | B20: tpallidum | C20: TPA | D20: 72 | E20: 22 | F20: 3 | G20: 1 | H20: - | I20: 22? | J20: 3 | K20: 1 | L20: different | M20: different | N20: same | O20: same | P20: 22 | Q20: 3 | R20: 1 | S20: 72 | T20: - | U20: 72
A21: 22931_6#8.Treponema.ds1618428-reads | B21: tpallidum | C21: TPA | D21: 13 | E21: 6 | F21: 3 | G21: 1 | H21: 1 | I21: 1 | J21: 3 | K21: 1 | L21: different | M21: different | N21: same | O21: same | P21: - | Q21: 3 | R21: 1 | S21: conflict | T21: - | U21: conflict
A22: 22931_6#9.Treponema.ds2500000-reads | B22: tpallidum | C22: TPA | D22: - | E22: 24? | F22: 2 | G22: 3 | H22: 6 | I22: 3 | J22: 2 | K22: 3 | L22: different | M22: different | N22: same | O22: same | P22: 3 | Q22: 2 | R22: 3 | S22: 6 | T22: - | U22: 6
A23: 24141_3#11.Treponema.ds2500000-reads | B23: tpallidum | C23: TPA | D23: - | E23: 1 | F23: 1 | G23: 2 | H23: - | I23: 1 | J23: 1 | K23: 2 | L23: same | M23: same | N23: same | O23: same | P23: 1 | Q23: 1 | R23: 2 | S23: N1 | T23: - | U23: N1
A24: 24141_3#16.Treponema.ds2500000-reads | B24: tpallidum | C24: TPA | D24: 11 | E24: 1 | F24: 1 | G24: 3 | H24: 11 | I24: 1 | J24: 1 | K24: 3 | L24: same | M24: same | N24: same | O24: same | P24: 1 | Q24: 1 | R24: 3 | S24: 11 | T24: - | U24: 11
A25: 24141_3#17.Treponema.ds2500000-reads | B25: tpallidum | C25: TPA | D25: - | E25: 1? | F25: 3 | G25: 1 | H25: 1 | I25: 1 | J25: 3 | K25: 1 | L25: different | M25: different | N25: same | O25: same | P25: 1 | Q25: 3 | R25: 1 | S25: 1 | T25: - | U25: 1
A26: 24141_4#11.Treponema.ds2500000-reads | B26: tpallidum | C26: TPA | D26: - | E26: 1 | F26: ~1 | G26: 2 | H26: - | I26: 1 | J26: ~1 | K26: 2 | L26: same | M26: same | N26: same | O26: same | P26: 1 | Q26: ~1 | R26: 2 | S26: - | T26: - | U26: -
A27: 24141_4#12.Treponema.ds2500000-reads | B27: tpallidum | C27: TPA | D27: 11 | E27: 1 | F27: 1 | G27: 3 | H27: 11 | I27: 1 | J27: 1 | K27: 3 | L27: same | M27: same | N27: same | O27: same | P27: 1 | Q27: 1 | R27: 3 | S27: 11 | T27: - | U27: 11
A28: 24141_4#15.Treponema.ds2500000-reads | B28: tpallidum | C28: TPA | D28: 27 | E28: 1 | F28: 1 | G28: 9 | H28: 27 | I28: 1 | J28: 1 | K28: 9 | L28: same | M28: same | N28: same | O28: same | P28: 1 | Q28: 1 | R28: 9 | S28: 27 | T28: 27 | U28: 27
A29: 24141_4#18.Treponema.ds2500000-reads | B29: tpallidum | C29: TPA | D29: - | E29: 1 | F29: 1 | G29: 2 | H29: - | I29: 1 | J29: 1 | K29: 2 | L29: same | M29: same | N29: same | O29: same | P29: 1 | Q29: 1 | R29: 2 | S29: N1 | T29: - | U29: N1
A30: 24141_4#19.Treponema.ds2500000-reads | B30: tpallidum | C30: TPA | D30: 27 | E30: 1 | F30: 1 | G30: 9 | H30: 27 | I30: 1 | J30: 1 | K30: 9 | L30: same | M30: same | N30: same | O30: same | P30: 1 | Q30: 1 | R30: 9 | S30: 27 | T30: - | U30: 27
A31: 24141_4#6.Treponema.ds2500000-reads | B31: tpallidum | C31: TPA | D31: 11 | E31: 1 | F31: 1 | G31: 3 | H31: 11 | I31: 1 | J31: 1 | K31: 3 | L31: same | M31: same | N31: same | O31: same | P31: 1 | Q31: 1 | R31: 3 | S31: 11 | T31: - | U31: 11
A32: 24141_5#11.Treponema.ds2500000-reads | B32: tpallidum | C32: TPA | D32: 1 | E32: 1 | F32: 3 | G32: 1 | H32: 1 | I32: 1 | J32: 3 | K32: 1 | L32: same | M32: same | N32: same | O32: same | P32: 1 | Q32: 3 | R32: 1 | S32: 1 | T32: - | U32: 1
A33: 24141_5#12.Treponema.ds2500000-reads | B33: tpallidum | C33: TPA | D33: - | E33: 1 | F33: 1 | G33: 2 | H33: - | I33: 1 | J33: 1 | K33: 2 | L33: same | M33: same | N33: same | O33: same | P33: 1 | Q33: 1 | R33: 2 | S33: N1 | T33: - | U33: N1
A34: 24141_5#15.Treponema.ds2500000-reads | B34: tpallidum | C34: TPA | D34: 2 | E34: 1 | F34: 1 | G34: 1 | H34: 2 | I34: 1 | J34: 1 | K34: 1 | L34: same | M34: same | N34: same | O34: same | P34: 1 | Q34: 1 | R34: 1 | S34: 2 | T34: - | U34: 2
A35: 24141_5#16.Treponema.ds2500000-reads | B35: tpallidum | C35: TPA | D35: 2 | E35: 1 | F35: 1 | G35: 1 | H35: 2 | I35: 1 | J35: 1 | K35: 1 | L35: same | M35: same | N35: same | O35: same | P35: 1 | Q35: 1 | R35: 1 | S35: 2 | T35: - | U35: 2
A36: 24141_5#17.Treponema.ds2500000-reads | B36: tpallidum | C36: TPA | D36: 11 | E36: 1 | F36: 1 | G36: 3 | H36: 11 | I36: 1 | J36: 1 | K36: 3 | L36: same | M36: same | N36: same | O36: same | P36: 1 | Q36: 1 | R36: 3 | S36: 11 | T36: - | U36: 11
A37: 24141_5#18.Treponema.ds2471082-reads | B37: tpallidum | C37: TPA | D37: - | E37: 28 | F37: 7 | G37: 3 | H37: 26 | I37: 9 | J37: 7 | K37: 3 | L37: different | M37: different | N37: same | O37: same | P37: - | Q37: 7 | R37: 3 | S37: - | T37: 26 | U37: 26
A38: 24141_5#20.Treponema.ds2500000-reads | B38: tpallidum | C38: TPA | D38: - | E38: 1 | F38: 1 | G38: 2 | H38: - | I38: 1 | J38: 1 | K38: 2 | L38: same | M38: same | N38: same | O38: same | P38: 1 | Q38: 1 | R38: 2 | S38: N1 | T38: - | U38: N1
A39: 24141_5#4.Treponema.ds2500000-reads | B39: tpallidum | C39: TPA | D39: 27 | E39: 1 | F39: 1 | G39: 9 | H39: 27 | I39: 1 | J39: 1 | K39: 9 | L39: same | M39: same | N39: same | O39: same | P39: 1 | Q39: 1 | R39: 9 | S39: 27 | T39: - | U39: 27
A40: 24141_5#5.Treponema.ds2500000-reads | B40: tpallidum | C40: TPA | D40: 2 | E40: 1 | F40: 1 | G40: 1 | H40: 2 | I40: 1 | J40: 1 | K40: 1 | L40: same | M40: same | N40: same | O40: same | P40: 1 | Q40: 1 | R40: 1 | S40: 2 | T40: - | U40: 2
A41: 24141_5#7.Treponema.ds2500000-reads | B41: tpallidum | C41: TPA | D41: 13 | E41: 6 | F41: 3 | G41: 1 | H41: 13 | I41: 6 | J41: 3 | K41: 1 | L41: same | M41: same | N41: same | O41: same | P41: 6 | Q41: 3 | R41: 1 | S41: 13 | T41: - | U41: 13
A42: 24141_6#1.Treponema.ds2500000-reads | B42: tpallidum | C42: TPA | D42: - | E42: 1 | F42: 1 | G42: 2 | H42: - | I42: 1 | J42: 1 | K42: 2 | L42: same | M42: same | N42: same | O42: same | P42: 1 | Q42: 1 | R42: 2 | S42: N1 | T42: - | U42: N1
A43: 24141_6#11.Treponema.ds2500000-reads | B43: tpallidum | C43: TPA | D43: - | E43: 1 | F43: 1 | G43: 2 | H43: - | I43: 1 | J43: 1 | K43: 2 | L43: same | M43: same | N43: same | O43: same | P43: 1 | Q43: 1 | R43: 2 | S43: N1 | T43: - | U43: N1
A44: 24141_6#12.Treponema.ds2500000-reads | B44: tpallidum | C44: TPA | D44: 11 | E44: 1 | F44: 1 | G44: 3 | H44: 11 | I44: 1 | J44: 1 | K44: 3 | L44: same | M44: same | N44: same | O44: same | P44: 1 | Q44: 1 | R44: 3 | S44: 11 | T44: - | U44: 11
A45: 24141_6#14.Treponema.ds2500000-reads | B45: tpallidum | C45: TPA | D45: - | E45: 1 | F45: 1 | G45: 2 | H45: - | I45: 1 | J45: 1 | K45: 2 | L45: same | M45: same | N45: same | O45: same | P45: 1 | Q45: 1 | R45: 2 | S45: N1 | T45: - | U45: N1
A46: 24141_6#15.Treponema.ds2500000-reads | B46: tpallidum | C46: TPA | D46: - | E46: 1 | F46: 1 | G46: 2 | H46: - | I46: 1 | J46: 1 | K46: 2 | L46: same | M46: same | N46: same | O46: same | P46: 1 | Q46: 1 | R46: 2 | S46: N1 | T46: - | U46: N1
A47: 24141_6#17.Treponema.ds2500000-reads | B47: tpallidum | C47: TPA | D47: - | E47: 1 | F47: 1 | G47: 2 | H47: - | I47: 1 | J47: 1 | K47: 2 | L47: same | M47: same | N47: same | O47: same | P47: 1 | Q47: 1 | R47: 2 | S47: N1 | T47: - | U47: N1
A48: 24141_6#18.Treponema.ds2500000-reads | B48: tpallidum | C48: TPA | D48: 2 | E48: 1 | F48: 1 | G48: 1 | H48: - | I48: 22 | J48: 1 | K48: 1 | L48: different | M48: different | N48: same | O48: same | P48: - | Q48: 1 | R48: 1 | S48: - | T48: - | U48: -
A49: 24141_6#19.Treponema.ds2500000-reads | B49: tpallidum | C49: TPA | D49: 1 | E49: 1 | F49: 3 | G49: 1 | H49: 1 | I49: 1 | J49: 3 | K49: 1 | L49: same | M49: same | N49: same | O49: same | P49: 1 | Q49: 3 | R49: 1 | S49: 1 | T49: - | U49: 1
A50: 24141_6#2.Treponema.ds2500000-reads | B50: tpallidum | C50: TPA | D50: 11 | E50: 1 | F50: 1 | G50: 3 | H50: 11 | I50: 1 | J50: 1 | K50: 3 | L50: same | M50: same | N50: same | O50: same | P50: 1 | Q50: 1 | R50: 3 | S50: 11 | T50: 11 | U50: 11
A51: 24141_6#20.Treponema.ds2500000-reads | B51: tpallidum | C51: TPA | D51: - | E51: 22 | F51: 1 | G51: 3 | H51: - | I51: 22 | J51: 1 | K51: 3 | L51: same | M51: same | N51: same | O51: same | P51: 22 | Q51: 1 | R51: 3 | S51: N11 | T51: - | U51: N11
A52: 24141_6#3.Treponema.ds2500000-reads | B52: tpallidum | C52: TPA | D52: 1 | E52: 1 | F52: 3 | G52: 1 | H52: 1 | I52: 1 | J52: 3 | K52: 1 | L52: same | M52: same | N52: same | O52: same | P52: 1 | Q52: 3 | R52: 1 | S52: 1 | T52: - | U52: 1
A53: 24141_6#4.Treponema.ds2500000-reads | B53: tpallidum | C53: TPA | D53: 11 | E53: 1 | F53: 1 | G53: 3 | H53: 11 | I53: 1 | J53: 1 | K53: 3 | L53: same | M53: same | N53: same | O53: same | P53: 1 | Q53: 1 | R53: 3 | S53: 11 | T53: - | U53: 11
A54: 24141_6#5.Treponema.ds2500000-reads | B54: tpallidum | C54: TPA | D54: 11 | E54: 1 | F54: 1 | G54: 3 | H54: 11 | I54: 1 | J54: 1 | K54: 3 | L54: same | M54: same | N54: same | O54: same | P54: 1 | Q54: 1 | R54: 3 | S54: 11 | T54: 11 | U54: 11
A55: 24141_6#6.Treponema.ds2500000-reads | B55: tpallidum | C55: TPA | D55: - | E55: 1 | F55: 1 | G55: 2 | H55: - | I55: 1 | J55: 1 | K55: 2 | L55: same | M55: same | N55: same | O55: same | P55: 1 | Q55: 1 | R55: 2 | S55: N1 | T55: - | U55: N1
A56: 24141_6#7.Treponema.ds2500000-reads | B56: tpallidum | C56: TPA | D56: 1 | E56: 1 | F56: 3 | G56: 1 | H56: 1 | I56: 1 | J56: 3 | K56: 1 | L56: same | M56: same | N56: same | O56: same | P56: 1 | Q56: 3 | R56: 1 | S56: 1 | T56: 1 | U56: 1
A57: 24141_6#8.Treponema.ds2500000-reads | B57: tpallidum | C57: TPA | D57: - | E57: 1 | F57: 1 | G57: 2 | H57: - | I57: 1 | J57: 1 | K57: 2 | L57: same | M57: same | N57: same | O57: same | P57: 1 | Q57: 1 | R57: 2 | S57: N1 | T57: - | U57: N1
A58: 24141_6#9.Treponema.ds2411473-reads | B58: tpallidum | C58: TPA | D58: 26 | E58: 9 | F58: 7 | G58: 3 | H58: 26 | I58: 9 | J58: 7 | K58: 3 | L58: same | M58: same | N58: same | O58: same | P58: 9 | Q58: 7 | R58: 3 | S58: 26 | T58: - | U58: 26
A59: 24141_7#10.Treponema.ds2500000-reads | B59: tpallidum | C59: TPA | D59: 11 | E59: 1 | F59: 1 | G59: 3 | H59: 11 | I59: 1 | J59: 1 | K59: 3 | L59: same | M59: same | N59: same | O59: same | P59: 1 | Q59: 1 | R59: 3 | S59: 11 | T59: - | U59: 11
A60: 24141_7#12.Treponema.ds2500000-reads | B60: tpallidum | C60: TPA | D60: - | E60: 1 | F60: ~1 | G60: 1 | H60: - | I60: 1 | J60: ~1 | K60: 1 | L60: same | M60: same | N60: same | O60: same | P60: 1 | Q60: ~1 | R60: 1 | S60: - | T60: - | U60: -
A61: 24141_7#15.Treponema.ds2500000-reads | B61: tpallidum | C61: TPA | D61: 2 | E61: 1 | F61: 1 | G61: 1 | H61: 2 | I61: 1 | J61: 1 | K61: 1 | L61: same | M61: same | N61: same | O61: same | P61: 1 | Q61: 1 | R61: 1 | S61: 2 | T61: - | U61: 2
A62: 24141_7#16.Treponema.ds2500000-reads | B62: tpallidum | C62: TPA | D62: 27 | E62: 1 | F62: 1 | G62: 9 | H62: 27 | I62: 1 | J62: 1 | K62: 9 | L62: same | M62: same | N62: same | O62: same | P62: 1 | Q62: 1 | R62: 9 | S62: 27 | T62: - | U62: 27
A63: 24141_7#17.Treponema.ds2500000-reads | B63: tpallidum | C63: TPA | D63: 1 | E63: 1 | F63: 3 | G63: 1 | H63: 1 | I63: 1 | J63: 3 | K63: 1 | L63: same | M63: same | N63: same | O63: same | P63: 1 | Q63: 3 | R63: 1 | S63: 1 | T63: - | U63: 1
A64: 24141_7#18.Treponema.ds2500000-reads | B64: tpallidum | C64: TPA | D64: 5 | E64: 2 | F64: 1 | G64: 2 | H64: 5 | I64: 2 | J64: 1 | K64: 2 | L64: same | M64: same | N64: same | O64: same | P64: 2 | Q64: 1 | R64: 2 | S64: 5 | T64: - | U64: 5
A65: 24141_7#19.Treponema.ds2500000-reads | B65: tpallidum | C65: TPA | D65: 1 | E65: 1 | F65: 3 | G65: 1 | H65: 1 | I65: 1 | J65: 3 | K65: 1 | L65: same | M65: same | N65: same | O65: same | P65: 1 | Q65: 3 | R65: 1 | S65: 1 | T65: - | U65: 1
A66: 24141_7#2.Treponema.ds2500000-reads | B66: tpallidum | C66: TPA | D66: 56 | E66: 19 | F66: 3 | G66: 1 | H66: 56 | I66: 19 | J66: 3 | K66: 1 | L66: same | M66: same | N66: same | O66: same | P66: 19 | Q66: 3 | R66: 1 | S66: 56 | T66: - | U66: 56
A67: 24141_7#3.Treponema.ds2500000-reads | B67: tpallidum | C67: TPA | D67: - | E67: 1 | F67: 1 | G67: 2 | H67: - | I67: 1 | J67: 1 | K67: 2 | L67: same | M67: same | N67: same | O67: same | P67: 1 | Q67: 1 | R67: 2 | S67: N1 | T67: - | U67: N1
A68: 24141_7#4.Treponema.ds2500000-reads | B68: tpallidum | C68: TPA | D68: 1 | E68: 1 | F68: 3 | G68: 1 | H68: 1 | I68: 1 | J68: 3 | K68: 1 | L68: same | M68: same | N68: same | O68: same | P68: 1 | Q68: 3 | R68: 1 | S68: 1 | T68: - | U68: 1
A69: 24141_7#6.Treponema.ds2500000-reads | B69: tpallidum | C69: TPA | D69: 11 | E69: 1 | F69: 1 | G69: 3 | H69: 11 | I69: 1 | J69: 1 | K69: 3 | L69: same | M69: same | N69: same | O69: same | P69: 1 | Q69: 1 | R69: 3 | S69: 11 | T69: - | U69: 11
A70: 24141_7#7.Treponema.ds2500000-reads | B70: tpallidum | C70: TPA | D70: 2 | E70: 1 | F70: 1 | G70: 1 | H70: 2 | I70: 1 | J70: 1 | K70: 1 | L70: same | M70: same | N70: same | O70: same | P70: 1 | Q70: 1 | R70: 1 | S70: 2 | T70: - | U70: 2
A71: 24141_7#8.Treponema.ds2500000-reads | B71: tpallidum | C71: TPA | D71: - | E71: 1 | F71: ~1 | G71: 1 | H71: - | I71: 1 | J71: ~1 | K71: 1 | L71: same | M71: same | N71: same | O71: same | P71: 1 | Q71: ~1 | R71: 1 | S71: - | T71: - | U71: -
A72: 24141_8#10.Treponema.ds2500000-reads | B72: tpallidum | C72: TPA | D72: - | E72: 1 | F72: ~1 | G72: 2 | H72: - | I72: 1 | J72: ~1 | K72: 2 | L72: same | M72: same | N72: same | O72: same | P72: 1 | Q72: ~1 | R72: 2 | S72: - | T72: - | U72: -
A73: 24141_8#11.Treponema.ds2500000-reads | B73: tpallidum | C73: TPA | D73: 1 | E73: 1 | F73: 3 | G73: 1 | H73: 1 | I73: 1 | J73: 3 | K73: 1 | L73: same | M73: same | N73: same | O73: same | P73: 1 | Q73: 3 | R73: 1 | S73: 1 | T73: - | U73: 1
A74: 24141_8#12.Treponema.ds2500000-reads | B74: tpallidum | C74: TPA | D74: - | E74: 1 | F74: 1 | G74: 2 | H74: - | I74: 1 | J74: 1 | K74: 2 | L74: same | M74: same | N74: same | O74: same | P74: 1 | Q74: 1 | R74: 2 | S74: N1 | T74: - | U74: N1
A75: 24141_8#2.Treponema.ds2500000-reads | B75: tpallidum | C75: TPA | D75: - | E75: 1 | F75: ~1 | G75: 1 | H75: - | I75: 1 | J75: ~1 | K75: 1 | L75: same | M75: same | N75: same | O75: same | P75: 1 | Q75: ~1 | R75: 1 | S75: - | T75: - | U75: -
A76: 24141_8#3.Treponema.ds2500000-reads | B76: tpallidum | C76: TPA | D76: 27 | E76: 1 | F76: 1 | G76: 9 | H76: 27 | I76: 1 | J76: 1 | K76: 9 | L76: same | M76: same | N76: same | O76: same | P76: 1 | Q76: 1 | R76: 9 | S76: 27 | T76: - | U76: 27
A77: 24141_8#5.Treponema.ds2500000-reads | B77: tpallidum | C77: TPA | D77: 27 | E77: 1 | F77: 1 | G77: 9 | H77: 27 | I77: 1 | J77: 1 | K77: 9 | L77: same | M77: same | N77: same | O77: same | P77: 1 | Q77: 1 | R77: 9 | S77: 27 | T77: - | U77: 27
A78: 24141_8#6.Treponema.ds2500000-reads | B78: tpallidum | C78: TPA | D78: 1 | E78: 1 | F78: 3 | G78: 1 | H78: 1 | I78: 1 | J78: 3 | K78: 1 | L78: same | M78: same | N78: same | O78: same | P78: 1 | Q78: 3 | R78: 1 | S78: 1 | T78: - | U78: 1
A79: 24141_8#7.Treponema.ds2500000-reads | B79: tpallidum | C79: TPA | D79: - | E79: 21 | F79: 3 | G79: 1 | H79: - | I79: 21 | J79: 3 | K79: 1 | L79: same | M79: same | N79: same | O79: same | P79: 21 | Q79: 3 | R79: 1 | S79: N10 | T79: - | U79: N10
A80: 24141_8#8.Treponema.ds1965222-reads | B80: tpallidum | C80: TPA | D80: - | E80: 28 | F80: 7 | G80: 3 | H80: 26 | I80: 9 | J80: 7 | K80: 3 | L80: different | M80: different | N80: same | O80: same | P80: - | Q80: 7 | R80: 3 | S80: - | T80: 26 | U80: 26
A81: 24141_8#9.Treponema.ds2500000-reads | B81: tpallidum | C81: TPA | D81: 1 | E81: 1 | F81: 3 | G81: 1 | H81: 1 | I81: 1 | J81: 3 | K81: 1 | L81: same | M81: same | N81: same | O81: same | P81: 1 | Q81: 3 | R81: 1 | S81: 1 | T81: - | U81: 1
A82: 27455_1#1.Treponema.ds2500000-reads | B82: tpallidum | C82: TPA | D82: 1 | E82: 1 | F82: 3 | G82: 1 | H82: 1 | I82: 1 | J82: 3 | K82: 1 | L82: same | M82: same | N82: same | O82: same | P82: 1 | Q82: 3 | R82: 1 | S82: 1 | T82: - | U82: 1
A83: 27455_1#10.Treponema.ds2500000-reads | B83: tpallidum | C83: TPA | D83: 6 | E83: 3 | F83: 2 | G83: 3 | H83: - | I83: 24? | J83: 2 | K83: 3 | L83: different | M83: different | N83: same | O83: same | P83: 3 | Q83: 2 | R83: 3 | S83: 6 | T83: - | U83: 6
A84: 27455_1#11.Treponema.ds2500000-reads | B84: tpallidum | C84: TPA | D84: 2 | E84: 1 | F84: 1 | G84: 1 | H84: 2 | I84: 1 | J84: 1 | K84: 1 | L84: same | M84: same | N84: same | O84: same | P84: 1 | Q84: 1 | R84: 1 | S84: 2 | T84: - | U84: 2
A85: 27455_1#12.Treponema.ds2500000-reads | B85: tpallidum | C85: TPA | D85: 6 | E85: 3 | F85: 2 | G85: 3 | H85: - | I85: 11? | J85: 2 | K85: 3 | L85: different | M85: different | N85: same | O85: same | P85: 3 | Q85: 2 | R85: 3 | S85: 6 | T85: - | U85: 6
A86: 27455_1#13.Treponema.ds1547402-reads | B86: tpallidum | C86: TPA | D86: - | E86: 3? | F86: 2 | G86: 3 | H86: - | I86: 0 | J86: 0 | K86: 0 | L86: same | M86: different | N86: different | O86: different | P86: - | Q86: 2 | R86: 3 | S86: - | T86: - | U86: -
A87: 27455_1#15.Treponema.ds1811142-reads | B87: tpallidum | C87: TPA | D87: 6 | E87: 3 | F87: 2 | G87: 3 | H87: - | I87: 11? | J87: 14? | K87: 3 | L87: different | M87: different | N87: different | O87: same | P87: 3 | Q87: 2 | R87: 3 | S87: 6 | T87: - | U87: 6
A88: 27455_1#16.Treponema.ds1926466-reads | B88: tpallidum | C88: TPA | D88: - | E88: ~28 | F88: ~15 | G88: ~10 | H88: - | I88: ~28 | J88: ~15 | K88: ~10 | L88: same | M88: same | N88: same | O88: same | P88: ~28 | Q88: ~15 | R88: ~10 | S88: - | T88: - | U88: -
A89: 27455_1#18.Treponema.ds2379833-reads | B89: tpallidum | C89: TPA | D89: 6 | E89: 3 | F89: 2 | G89: 3 | H89: - | I89: 33? | J89: 2 | K89: 3 | L89: different | M89: different | N89: same | O89: same | P89: 3 | Q89: 2 | R89: 3 | S89: 6 | T89: - | U89: 6
A90: 27455_1#19.Treponema.ds1356696-reads | B90: tpallidum | C90: TPA | D90: - | E90: 3? | F90: 2 | G90: 3 | H90: - | I90: 11? | J90: 2 | K90: 3 | L90: same | M90: different | N90: same | O90: same | P90: - | Q90: 2 | R90: 3 | S90: - | T90: - | U90: -
A91: 27455_1#2.Treponema.ds2500000-reads | B91: tpallidum | C91: TPA | D91: - | E91: 1 | F91: ~3 | G91: 1 | H91: - | I91: 1 | J91: ~3 | K91: 1 | L91: same | M91: same | N91: same | O91: same | P91: 1 | Q91: ~3 | R91: 1 | S91: - | T91: - | U91: -
A92: 27455_1#20.Treponema.ds2500000-reads | B92: tpallidum | C92: TPA | D92: 6 | E92: 3 | F92: 2 | G92: 3 | H92: - | I92: 11? | J92: 2 | K92: 3 | L92: different | M92: different | N92: same | O92: same | P92: 3 | Q92: 2 | R92: 3 | S92: 6 | T92: - | U92: 6
A93: 27455_1#21.Treponema.ds2500000-reads | B93: tpallidum | C93: TPA | D93: 6 | E93: 3 | F93: 2 | G93: 3 | H93: - | I93: 24? | J93: 2? | K93: 3 | L93: different | M93: different | N93: different | O93: same | P93: 3 | Q93: 2 | R93: 3 | S93: 6 | T93: - | U93: 6
A94: 27455_1#22.Treponema.ds2500000-reads | B94: tpallidum | C94: TPA | D94: - | E94: 28 | F94: 7 | G94: 3 | H94: - | I94: 28 | J94: 7 | K94: 3 | L94: same | M94: same | N94: same | O94: same | P94: 28 | Q94: 7 | R94: 3 | S94: N13 | T94: - | U94: N13
A95: 27455_1#23.Treponema.ds2500000-reads | B95: tpallidum | C95: TPA | D95: 6 | E95: 3 | F95: 2 | G95: 3 | H95: 6 | I95: 3 | J95: 2 | K95: 3 | L95: same | M95: same | N95: same | O95: same | P95: 3 | Q95: 2 | R95: 3 | S95: 6 | T95: - | U95: 6
A96: 27455_1#24.Treponema.ds2500000-reads | B96: tpallidum | C96: TPA | D96: 26 | E96: 9 | F96: 7 | G96: 3 | H96: 26 | I96: 9 | J96: 7 | K96: 3 | L96: same | M96: same | N96: same | O96: same | P96: 9 | Q96: 7 | R96: 3 | S96: 26 | T96: - | U96: 26
A97: 27455_1#25.Treponema.ds2500000-reads | B97: tpallidum | C97: TPA | D97: 6 | E97: 3 | F97: 2 | G97: 3 | H97: 6 | I97: 3 | J97: 2 | K97: 3 | L97: same | M97: same | N97: same | O97: same | P97: 3 | Q97: 2 | R97: 3 | S97: 6 | T97: - | U97: 6
A98: 27455_1#26.Treponema.ds2500000-reads | B98: tpallidum | C98: TPA | D98: - | E98: 24? | F98: 2 | G98: 3 | H98: 6 | I98: 3 | J98: 2 | K98: 3 | L98: different | M98: different | N98: same | O98: same | P98: 3 | Q98: 2 | R98: 3 | S98: 6 | T98: - | U98: 6
A99: 27455_1#27.Treponema.ds2500000-reads | B99: tpallidum | C99: TPA | D99: 6 | E99: 3 | F99: 2 | G99: 3 | H99: - | I99: 24? | J99: 2 | K99: 3 | L99: different | M99: different | N99: same | O99: same | P99: 3 | Q99: 2 | R99: 3 | S99: 6 | T99: - | U99: 6
A100: 27455_1#28.Treponema.ds2500000-reads | B100: tpallidum | C100: TPA | D100: 6 | E100: 3 | F100: 2 | G100: 3 | H100: - | I100: 24? | J100: 2 | K100: 3 | L100: different | M100: different | N100: same | O100: same | P100: 3 | Q100: 2 | R100: 3 | S100: 6 | T100: - | U100: 6
...

Sheet Export
A1: id | B1: isolate | C1: biosample_accession | D1: NCBI_assembly_accession | E1: run_accession | F1: curator | G1: TREP0136 | H1: TREP0548 | I1: TREP0705 | J1: TP0136 | K1: TP0548 | L1: TP0705 | M1: ST (MLST (Grillová)) | N1: clonal_complex (MLST (Grillová)) | O1: BACT000001 | P1: BACT000002 | Q1: BACT000003 | R1: BACT000004 | S1: BACT000005 | T1: BACT000006 | U1: BACT000007 | V1: BACT000008 | W1: BACT000009 | X1: BACT000010 | Y1: BACT000011 | Z1: BACT000012 | AA1: BACT000013 | AB1: BACT000014 | AC1: BACT000015 | AD1: BACT000016 | AE1: BACT000017 | AF1: BACT000018 | AG1: BACT000019 | AH1: BACT000020 | AI1: BACT000021 | AJ1: BACT000030 | AK1: BACT000031 | AL1: BACT000032 | AM1: BACT000033 | AN1: BACT000034 | AO1: BACT000035 | AP1: BACT000036 | AQ1: BACT000038 | AR1: BACT000039 | AS1: BACT000040 | AT1: BACT000042 | AU1: BACT000043 | AV1: BACT000044 | AW1: BACT000045 | AX1: BACT000046 | AY1: BACT000047 | AZ1: BACT000048 | BA1: BACT000049 | BB1: BACT000050 | BC1: BACT000051 | BD1: BACT000052 | BE1: BACT000053 | BF1: BACT000056 | BG1: BACT000057 | BH1: BACT000058 | BI1: BACT000059 | BJ1: BACT000060 | BK1: BACT000061 | BL1: BACT000062 | BM1: BACT000063 | BN1: BACT000064 | BO1: BACT000065 | BP1: rST (Ribosomal MLST) | BQ1: genus (Ribosomal MLST) | BR1: species (Ribosomal MLST) | BS1: subspecies (Ribosomal MLST) | BT1: lineage (Ribosomal MLST) | BU1: sublineage (Ribosomal MLST) | BV1: other_designation (Ribosomal MLST) | BW1: notes (Ribosomal MLST) | BX1: MPD_TP0136 | BY1: MPD_TP0326 | BZ1: MPD_TP0548 | CA1: MPD_TP0705 | CB1: MPD_TP0858 | CC1: MPD_TP0865 | CD1: MPD_TP1031 | CE1: ST (MLST (Pla-Díaz))
A2: 1 | B2: SHC_0 | F2: -1 | G2: 2 | H2: 2 | I2: 2 | J2: 1 | K2: 1 | L2: 8 | M2: 3 | N2: SS14-like | O2: 10110 | P2: 585 | Q2: 525 | R2: 552 | S2: 466 | T2: 420 | U2: 527 | V2: 462 | W2: 517 | X2: 455 | Y2: 474 | Z2: 496 | AA2: 482 | AB2: 434 | AC2: 469 | AD2: 497 | AE2: 427 | AF2: 416 | AG2: 440 | AH2: 407 | AI2: 360 | AJ2: 593 | AK2: 513 | AL2: 482 | AM2: 546 | AN2: 4257 | AO2: 519 | AP2: 478 | AQ2: 513 | AR2: 544 | AS2: 491 | AT2: 478 | AU2: 425 | AW2: 471 | AX2: 443 | AY2: 479 | AZ2: 498 | BA2: 512 | BB2: 457 | BC2: 494 | BD2: 422 | BE2: 493 | BF2: 488 | BG2: 470 | BH2: 4472 | BI2: 384 | BJ2: 431 | BK2: 458 | BL2: 429 | BM2: 430 | BN2: 400 | BO2: 390
A3: 2 | B3: SHD_R | F3: -1 | G3: 2 | H3: 2 | I3: 2 | J3: 1 | K3: 1 | L3: 8 | M3: 3 | N3: SS14-like | O3: 10110 | P3: 585 | Q3: 525 | R3: 552 | S3: 466 | T3: 420 | U3: 527 | V3: 462 | W3: 517 | X3: 455 | Y3: 474 | Z3: 496 | AA3: 482 | AB3: 434 | AC3: 469 | AD3: 497 | AE3: 427 | AF3: 416 | AG3: 440 | AH3: 407 | AI3: 360 | AJ3: 593 | AK3: 513 | AL3: 482 | AM3: 546 | AN3: 4257 | AO3: 519 | AP3: 478 | AQ3: 513 | AR3: 544 | AS3: 491 | AT3: 478 | AU3: 425 | AW3: 471 | AX3: 443 | AY3: 479 | AZ3: 498 | BA3: 512 | BB3: 457 | BC3: 494 | BD3: 422 | BE3: 493 | BF3: 488 | BG3: 470 | BH3: 4472 | BI3: 384 | BJ3: 431 | BK3: 458 | BL3: 429 | BM3: 430 | BN3: 400 | BO3: 390
A4: 3 | B4: SHE_V | F4: -1 | G4: 2 | H4: 2 | I4: 2 | J4: 1 | K4: 1 | L4: 8 | M4: 3 | N4: SS14-like | O4: 10110 | P4: 585 | Q4: 525 | R4: 552 | S4: 466 | T4: 420 | U4: 527 | V4: 462 | W4: 517 | X4: 455 | Y4: 474 | Z4: 496 | AA4: 482 | AB4: 434 | AC4: 469 | AD4: 497 | AE4: 427 | AF4: 416 | AG4: 440 | AH4: 407 | AI4: 360 | AJ4: 593 | AK4: 513 | AL4: 482 | AM4: 546 | AN4: 4257 | AO4: 519 | AP4: 478 | AQ4: 513 | AR4: 544 | AS4: 491 | AT4: 478 | AU4: 425 | AW4: 471 | AX4: 443 | AY4: 479 | AZ4: 498 | BA4: 512 | BB4: 457 | BC4: 494 | BD4: 422 | BE4: 493 | BF4: 488 | BG4: 470 | BH4: 4472 | BI4: 384 | BJ4: 431 | BK4: 458 | BL4: 429 | BM4: 430 | BN4: 400 | BO4: 390
A5: 4 | B5: SGF_12 | F5: -1 | G5: 2 | H5: 2 | I5: 2 | J5: 1 | K5: 1 | L5: 8 | M5: 3 | N5: SS14-like | O5: 10110 | P5: 585 | Q5: 525 | R5: 552 | S5: 466 | T5: 420 | U5: 527 | V5: 462 | W5: 517 | X5: 455 | Y5: 474 | Z5: 496 | AA5: 482 | AB5: 434 | AC5: 469 | AD5: 497 | AE5: 427 | AF5: 416 | AG5: 440 | AH5: 407 | AI5: 360 | AJ5: 593 | AK5: 513 | AL5: 482 | AM5: 546 | AN5: 4257 | AO5: 519 | AP5: 478 | AQ5: 513 | AR5: 544 | AS5: 491 | AT5: 478 | AU5: 425 | AV5: 434 | AW5: 471 | AX5: 443 | AY5: 479 | AZ5: 498 | BA5: 512 | BB5: 457 | BC5: 494 | BD5: 422 | BE5: 493 | BF5: 488 | BG5: 470 | BH5: 4472 | BI5: 384 | BJ5: 431 | BK5: 458 | BL5: 429 | BM5: 430 | BN5: 400 | BO5: 390 | BP5: 171492 | BQ5: Treponema | BR5: Treponema pallidum
A6: 5 | B6: B3 | F6: -1 | G6: 2 | H6: 2 | I6: 2 | J6: 1 | K6: 1 | L6: 8 | M6: 3 | N6: SS14-like | O6: 10110 | P6: 585 | Q6: 525 | R6: 552 | S6: 466 | T6: 420 | U6: 527 | V6: 462 | W6: 517 | X6: 455 | Y6: 474 | Z6: 496 | AA6: 482 | AB6: 434 | AC6: 469 | AD6: 497 | AE6: 427 | AF6: 416 | AG6: 440 | AH6: 407 | AI6: 360 | AJ6: 593 | AK6: 513 | AL6: 482 | AM6: 546 | AN6: 4257 | AO6: 519 | AP6: 478 | AQ6: 513 | AR6: 544 | AS6: 491 | AT6: 478 | AU6: 425 | AV6: 434 | AW6: 471 | AX6: 443 | AY6: 479 | AZ6: 498 | BA6: 512 | BB6: 457 | BC6: 494 | BD6: 422 | BE6: 493 | BF6: 488 | BG6: 470 | BH6: 4472 | BI6: 384 | BJ6: 431 | BK6: 458 | BL6: 429 | BM6: 430 | BN6: 400 | BO6: 390 | BP6: 171492 | BQ6: Treponema | BR6: Treponema pallidum
A7: 6 | B7: C3 | F7: -1 | G7: 2 | I7: 2 | J7: 1 | L7: 8 | O7: 10110 | P7: 585 | Q7: 525 | R7: 552 | S7: 466 | T7: 420 | U7: 527 | V7: 462 | W7: 517 | X7: 455 | Y7: 474 | Z7: 496 | AA7: 482 | AB7: 434 | AC7: 469 | AD7: 497 | AE7: 427 | AF7: 416 | AG7: 440 | AH7: 407 | AI7: 360 | AJ7: 593 | AK7: 513 | AL7: 482 | AM7: 546 | AN7: 4257 | AO7: 519 | AP7: 478 | AQ7: 513 | AR7: 544 | AS7: 491 | AT7: 478 | AU7: 425 | AV7: 434 | AW7: 471 | AX7: 443 | AY7: 479 | AZ7: 498 | BA7: 512 | BB7: 457 | BC7: 494 | BD7: 422 | BE7: 493 | BF7: 488 | BG7: 470 | BH7: 4472 | BI7: 384 | BJ7: 431 | BK7: 458 | BL7: 429 | BM7: 430 | BN7: 400 | BO7: 390 | BP7: 171492 | BQ7: Treponema | BR7: Treponema pallidum
A8: 7 | B8: K3 | F8: -1 | G8: 2 | H8: 2 | I8: 2 | J8: 1 | K8: 1 | L8: 8 | M8: 3 | N8: SS14-like | O8: 10110 | P8: 585 | Q8: 525 | R8: 552 | S8: 466 | T8: 420 | U8: 527 | V8: 462 | W8: 517 | X8: 455 | Y8: 474 | Z8: 496 | AA8: 482 | AB8: 434 | AC8: 469 | AD8: 497 | AE8: 427 | AF8: 416 | AG8: 440 | AH8: 407 | AI8: 360 | AJ8: 593 | AK8: 513 | AL8: 482 | AM8: 546 | AN8: 4257 | AO8: 519 | AP8: 478 | AQ8: 513 | AR8: 544 | AS8: 491 | AT8: 478 | AU8: 425 | AV8: 434 | AW8: 471 | AX8: 443 | AY8: 479 | AZ8: 498 | BA8: 512 | BB8: 457 | BC8: 494 | BD8: 422 | BE8: 493 | BF8: 488 | BG8: 470 | BH8: 4472 | BI8: 384 | BJ8: 431 | BK8: 458 | BL8: 429 | BM8: 430 | BN8: 400 | BO8: 390 | BP8: 171492 | BQ8: Treponema | BR8: Treponema pallidum
A9: 8 | B9: Q3 | F9: -1 | G9: 2 | H9: 2 | I9: 2 | J9: 1 | K9: 1 | L9: 8 | M9: 3 | N9: SS14-like | O9: 10110 | P9: 585 | Q9: 525 | R9: 552 | S9: 466 | T9: 420 | U9: 527 | V9: 462 | W9: 517 | X9: 455 | Y9: 474 | Z9: 496 | AA9: 482 | AB9: 434 | AC9: 469 | AD9: 497 | AE9: 427 | AF9: 416 | AG9: 440 | AH9: 407 | AI9: 360 | AJ9: 593 | AK9: 513 | AL9: 482 | AM9: 546 | AN9: 4257 | AO9: 519 | AP9: 478 | AQ9: 513 | AR9: 544 | AS9: 491 | AT9: 478 | AU9: 425 | AV9: 434 | AW9: 471 | AX9: 443 | AY9: 479 | AZ9: 498 | BA9: 512 | BB9: 457 | BC9: 494 | BD9: 422 | BE9: 493 | BF9: 488 | BG9: 470 | BH9: 4472 | BI9: 384 | BJ9: 431 | BK9: 458 | BL9: 429 | BM9: 430 | BN9: 400 | BO9: 390 | BP9: 171492 | BQ9: Treponema | BR9: Treponema pallidum
A10: 9 | B10: PT_SIF1348 | F10: -1 | G10: 2 | H10: 4 | I10: 3 | J10: 1 | K10: 3 | L10: 1 | M10: 1 | N10: SS14-like | O10: 10110 | P10: 585 | Q10: 525 | R10: 552 | S10: 466 | T10: 420 | U10: 527 | V10: 462 | W10: 517 | X10: 455 | Y10: 474 | Z10: 496 | AA10: 482 | AB10: 434 | AC10: 469 | AD10: 497 | AE10: 427 | AF10: 416 | AG10: 440 | AH10: 407 | AI10: 360 | AJ10: 593 | AK10: 513 | AL10: 482 | AM10: 546 | AN10: 4257 | AO10: 519 | AP10: 478 | AQ10: 513 | AR10: 544 | AS10: 491 | AT10: 478 | AU10: 425 | AV10: 434 | AW10: 471 | AX10: 443 | AY10: 479 | AZ10: 498 | BA10: 512 | BB10: 457 | BC10: 494 | BD10: 422 | BE10: 493 | BF10: 488 | BG10: 470 | BH10: 4472 | BI10: 384 | BJ10: 431 | BK10: 458 | BL10: 429 | BM10: 430 | BN10: 400 | BO10: 390 | BP10: 171492 | BQ10: Treponema | BR10: Treponema pallidum
A11: 10 | B11: PT_SIF1127 | F11: -1 | G11: 2 | H11: 4 | I11: 3 | J11: 1 | K11: 3 | L11: 1 | M11: 1 | N11: SS14-like | O11: 10110 | P11: 585 | Q11: 525 | R11: 552 | S11: 466 | T11: 420 | U11: 527 | V11: 462 | W11: 517 | X11: 455 | Y11: 474 | Z11: 496 | AA11: 482 | AB11: 434 | AC11: 469 | AD11: 497 | AE11: 427 | AF11: 416 | AG11: 440 | AH11: 407 | AI11: 360 | AJ11: 593 | AL11: 482 | AM11: 546 | AN11: 4257 | AO11: 519 | AP11: 478 | AQ11: 513 | AR11: 544 | AS11: 491 | AT11: 478 | AU11: 425 | AV11: 434 | AW11: 471 | AX11: 443 | AY11: 479 | AZ11: 498 | BA11: 512 | BB11: 457 | BC11: 494 | BD11: 422 | BE11: 493 | BF11: 488 | BG11: 470 | BH11: 4472 | BI11: 384 | BJ11: 431 | BK11: 458 | BL11: 429 | BM11: 430 | BN11: 400 | BO11: 390
A12: 11 | B12: PT_SIF1135 | F12: -1 | G12: 2 | H12: 2 | I12: 3 | J12: 1 | K12: 1 | L12: 1 | M12: 2 | N12: SS14-like | O12: 10110 | P12: 585 | Q12: 525 | R12: 552 | S12: 466 | T12: 420 | U12: 527 | V12: 462 | W12: 517 | X12: 455 | Y12: 474 | Z12: 496 | AA12: 482 | AB12: 434 | AC12: 469 | AD12: 497 | AE12: 427 | AF12: 416 | AG12: 440 | AH12: 407 | AI12: 360 | AJ12: 593 | AK12: 513 | AL12: 482 | AM12: 546 | AN12: 4257 | AO12: 519 | AP12: 478 | AQ12: 513 | AR12: 544 | AS12: 491 | AT12: 478 | AU12: 425 | AV12: 434 | AW12: 471 | AX12: 443 | AY12: 479 | AZ12: 498 | BA12: 512 | BB12: 457 | BC12: 494 | BD12: 422 | BE12: 493 | BF12: 488 | BG12: 470 | BH12: 4472 | BI12: 384 | BJ12: 431 | BK12: 458 | BL12: 429 | BM12: 430 | BN12: 400 | BO12: 390 | BP12: 171492 | BQ12: Treponema | BR12: Treponema pallidum
A13: 12 | B13: PT_SIF1140 | F13: -1 | G13: 2 | H13: 4 | I13: 3 | J13: 1 | K13: 3 | L13: 1 | M13: 1 | N13: SS14-like | O13: 10110 | Q13: 525 | R13: 552 | S13: 466 | T13: 420 | U13: 527 | V13: 462 | W13: 517 | X13: 455 | Y13: 474 | Z13: 496 | AA13: 482 | AB13: 434 | AC13: 469 | AD13: 497 | AE13: 427 | AF13: 416 | AG13: 440 | AH13: 407 | AI13: 360 | AJ13: 593 | AK13: 513 | AL13: 482 | AM13: 546 | AN13: 4257 | AO13: 519 | AP13: 478 | AQ13: 513 | AR13: 544 | AS13: 491 | AT13: 478 | AU13: 425 | AV13: 434 | AW13: 471 | AX13: 443 | AY13: 479 | AZ13: 498 | BA13: 512 | BB13: 457 | BC13: 494 | BD13: 422 | BE13: 493 | BF13: 488 | BG13: 470 | BH13: 4472 | BI13: 384 | BJ13: 431 | BK13: 458 | BL13: 429 | BM13: 430 | BN13: 400 | BO13: 390
A14: 13 | B14: PT_SIF1142 | F14: -1 | G14: 2 | H14: 4 | I14: 3 | J14: 1 | K14: 3 | L14: 1 | M14: 1 | N14: SS14-like | O14: 10110 | P14: 585 | Q14: 525 | R14: 552 | S14: 466 | T14: 420 | U14: 527 | V14: 462 | W14: 517 | X14: 455 | Y14: 474 | Z14: 496 | AA14: 482 | AB14: 434 | AC14: 469 | AD14: 497 | AE14: 427 | AF14: 416 | AG14: 440 | AH14: 407 | AI14: 360 | AJ14: 593 | AK14: 513 | AL14: 482 | AM14: 546 | AN14: 4257 | AO14: 519 | AP14: 478 | AQ14: 513 | AR14: 544 | AS14: 491 | AT14: 478 | AU14: 425 | AV14: 434 | AW14: 471 | AX14: 443 | AY14: 479 | AZ14: 498 | BA14: 512 | BB14: 457 | BC14: 494 | BD14: 422 | BE14: 493 | BF14: 488 | BG14: 470 | BH14: 4472 | BI14: 384 | BJ14: 431 | BK14: 458 | BL14: 429 | BM14: 430 | BN14: 400 | BO14: 390 | BP14: 171492 | BQ14: Treponema | BR14: Treponema pallidum
A15: 14 | B15: PT_SIF1156 | F15: -1 | G15: 2 | H15: 2 | I15: 3 | J15: 1 | K15: 1 | L15: 1 | M15: 2 | N15: SS14-like | O15: 10110 | P15: 585 | Q15: 525 | R15: 552 | S15: 466 | T15: 420 | U15: 527 | V15: 462 | W15: 517 | X15: 455 | Y15: 474 | Z15: 496 | AA15: 482 | AB15: 434 | AC15: 469 | AD15: 497 | AE15: 427 | AF15: 416 | AG15: 440 | AH15: 407 | AI15: 360 | AJ15: 593 | AK15: 513 | AL15: 482 | AM15: 546 | AN15: 4257 | AO15: 519 | AP15: 478 | AQ15: 513 | AR15: 544 | AS15: 491 | AT15: 478 | AU15: 425 | AV15: 434 | AW15: 471 | AX15: 443 | AY15: 479 | AZ15: 498 | BA15: 512 | BB15: 457 | BC15: 494 | BD15: 422 | BE15: 493 | BF15: 488 | BG15: 470 | BH15: 4472 | BI15: 384 | BJ15: 431 | BK15: 458 | BL15: 429 | BM15: 430 | BN15: 400 | BO15: 390 | BP15: 171492 | BQ15: Treponema | BR15: Treponema pallidum
A16: 15 | B16: PT_SIF1167 | F16: -1 | G16: 2 | H16: 2 | I16: 3 | J16: 1 | K16: 1 | L16: 1 | M16: 2 | N16: SS14-like | O16: 10110 | P16: 585 | Q16: 525 | R16: 552 | S16: 466 | T16: 420 | U16: 527 | V16: 462 | W16: 517 | X16: 455 | Y16: 474 | Z16: 496 | AA16: 482 | AB16: 434 | AC16: 469 | AD16: 497 | AE16: 427 | AF16: 416 | AG16: 440 | AH16: 407 | AI16: 360 | AJ16: 593 | AK16: 513 | AL16: 482 | AM16: 546 | AN16: 4257 | AO16: 519 | AP16: 478 | AQ16: 513 | AR16: 544 | AS16: 491 | AT16: 478 | AU16: 425 | AV16: 434 | AW16: 471 | AX16: 443 | AY16: 479 | AZ16: 498 | BA16: 512 | BB16: 457 | BC16: 494 | BD16: 422 | BE16: 493 | BF16: 488 | BG16: 470 | BH16: 4472 | BI16: 384 | BJ16: 431 | BK16: 458 | BL16: 429 | BM16: 430 | BN16: 400 | BO16: 390 | BP16: 171492 | BQ16: Treponema | BR16: Treponema pallidum
A17: 16 | B17: PT_SIF1183 | F17: -1 | G17: 2 | H17: 2 | I17: 3 | J17: 1 | K17: 1 | L17: 1 | M17: 2 | N17: SS14-like | O17: 10110 | P17: 585 | Q17: 525 | R17: 552 | S17: 466 | T17: 420 | U17: 527 | V17: 462 | W17: 517 | X17: 455 | Y17: 474 | Z17: 496 | AA17: 482 | AB17: 434 | AC17: 469 | AD17: 497 | AE17: 427 | AF17: 416 | AG17: 440 | AH17: 407 | AI17: 360 | AJ17: 593 | AK17: 513 | AL17: 482 | AM17: 546 | AN17: 4257 | AO17: 519 | AP17: 478 | AQ17: 513 | AR17: 544 | AS17: 491 | AT17: 478 | AU17: 425 | AV17: 434 | AW17: 471 | AX17: 443 | AY17: 479 | AZ17: 498 | BA17: 512 | BB17: 457 | BC17: 494 | BD17: 422 | BE17: 493 | BF17: 488 | BG17: 470 | BH17: 4472 | BI17: 384 | BJ17: 431 | BK17: 458 | BL17: 429 | BM17: 430 | BN17: 400 | BO17: 390 | BP17: 171492 | BQ17: Treponema | BR17: Treponema pallidum
A18: 17 | B18: PT_SIF1196 | F18: -1 | G18: 3 | H18: 2 | I18: 4 | J18: 7 | K18: 1 | L18: 9 | M18: 4 | N18: SS14-like | O18: 10110 | P18: 585 | Q18: 525 | R18: 552 | S18: 466 | T18: 420 | U18: 527 | V18: 462 | W18: 517 | X18: 455 | Y18: 474 | Z18: 496 | AA18: 482 | AB18: 434 | AC18: 469 | AD18: 497 | AE18: 427 | AF18: 416 | AG18: 440 | AH18: 407 | AI18: 360 | AJ18: 593 | AK18: 513 | AL18: 482 | AM18: 546 | AN18: 4257 | AO18: 519 | AP18: 478 | AQ18: 513 | AR18: 544 | AS18: 491 | AT18: 478 | AU18: 425 | AV18: 434 | AW18: 471 | AX18: 443 | AY18: 479 | AZ18: 498 | BA18: 512 | BB18: 457 | BC18: 494 | BD18: 422 | BE18: 493 | BF18: 488 | BG18: 470 | BH18: 4472 | BI18: 384 | BJ18: 431 | BK18: 458 | BL18: 429 | BM18: 430 | BN18: 400 | BO18: 390 | BP18: 171492 | BQ18: Treponema | BR18: Treponema pallidum
A19: 18 | B19: PT_SIF1200 | F19: -1 | G19: 2 | H19: 4 | I19: 5 | J19: 1 | K19: 3 | L19: 1 | M19: 1 | N19: SS14-like | O19: 10110 | P19: 585 | Q19: 525 | R19: 552 | S19: 466 | T19: 420 | U19: 527 | V19: 462 | W19: 517 | X19: 455 | Y19: 474 | Z19: 496 | AA19: 482 | AB19: 434 | AC19: 469 | AD19: 497 | AE19: 427 | AF19: 416 | AG19: 440 | AH19: 407 | AI19: 360 | AJ19: 593 | AK19: 513 | AL19: 482 | AM19: 546 | AN19: 4257 | AO19: 519 | AP19: 478 | AQ19: 513 | AR19: 544 | AS19: 491 | AT19: 478 | AU19: 425 | AV19: 434 | AW19: 471 | AX19: 443 | AY19: 479 | AZ19: 498 | BA19: 512 | BB19: 457 | BC19: 494 | BD19: 422 | BE19: 493 | BF19: 488 | BG19: 470 | BH19: 4472 | BI19: 384 | BJ19: 431 | BK19: 458 | BL19: 429 | BM19: 430 | BN19: 400 | BO19: 390 | BP19: 171492 | BQ19: Treponema | BR19: Treponema pallidum
A20: 19 | B20: PT_SIF1242 | F20: -1 | G20: 4 | H20: 2 | I20: 4 | J20: 7 | K20: 1 | L20: 9 | M20: 4 | N20: SS14-like | O20: 10110 | P20: 585 | Q20: 525 | R20: 552 | S20: 466 | T20: 420 | U20: 527 | V20: 462 | W20: 517 | X20: 455 | Y20: 474 | Z20: 496 | AA20: 482 | AB20: 434 | AC20: 469 | AD20: 497 | AE20: 427 | AF20: 416 | AG20: 440 | AH20: 407 | AI20: 360 | AJ20: 593 | AK20: 513 | AL20: 482 | AM20: 546 | AN20: 4257 | AO20: 519 | AP20: 478 | AQ20: 513 | AR20: 544 | AS20: 491 | AT20: 478 | AU20: 425 | AV20: 434 | AW20: 471 | AX20: 443 | AY20: 479 | AZ20: 498 | BA20: 512 | BB20: 457 | BC20: 494 | BD20: 422 | BE20: 493 | BF20: 488 | BG20: 470 | BH20: 4472 | BI20: 384 | BJ20: 431 | BK20: 458 | BL20: 429 | BM20: 430 | BN20: 400 | BO20: 390 | BP20: 171492 | BQ20: Treponema | BR20: Treponema pallidum
A21: 20 | B21: PT_SIF1299 | F21: -1 | G21: 2 | H21: 4 | I21: 3 | J21: 1 | K21: 3 | L21: 1 | M21: 1 | N21: SS14-like | O21: 10110 | P21: 585 | Q21: 525 | R21: 552 | S21: 466 | T21: 420 | U21: 527 | V21: 462 | W21: 517 | X21: 455 | Y21: 474 | Z21: 496 | AA21: 482 | AB21: 434 | AC21: 469 | AD21: 497 | AE21: 427 | AF21: 416 | AG21: 440 | AH21: 407 | AI21: 360 | AJ21: 593 | AK21: 513 | AL21: 482 | AM21: 546 | AN21: 4257 | AO21: 519 | AP21: 478 | AQ21: 513 | AR21: 544 | AS21: 491 | AT21: 478 | AU21: 425 | AV21: 434 | AW21: 471 | AX21: 443 | AY21: 479 | AZ21: 498 | BA21: 512 | BB21: 457 | BC21: 494 | BD21: 422 | BE21: 493 | BF21: 488 | BG21: 470 | BH21: 4472 | BI21: 384 | BJ21: 431 | BK21: 458 | BL21: 429 | BM21: 430 | BN21: 400 | BO21: 390 | BP21: 171492 | BQ21: Treponema | BR21: Treponema pallidum
A22: 21 | B22: PT_SIF1252 | F22: -1 | G22: 2 | H22: 4 | I22: 3 | J22: 1 | K22: 3 | L22: 1 | M22: 1 | N22: SS14-like | O22: 10110 | P22: 585 | Q22: 525 | R22: 552 | S22: 466 | T22: 420 | U22: 527 | V22: 462 | W22: 517 | X22: 455 | Y22: 474 | Z22: 496 | AA22: 482 | AB22: 434 | AC22: 469 | AD22: 497 | AE22: 427 | AF22: 416 | AG22: 440 | AH22: 407 | AI22: 360 | AJ22: 593 | AK22: 513 | AL22: 482 | AM22: 546 | AN22: 4257 | AO22: 519 | AP22: 478 | AQ22: 513 | AR22: 544 | AS22: 491 | AT22: 478 | AU22: 425 | AV22: 434 | AW22: 471 | AX22: 443 | AY22: 479 | AZ22: 498 | BA22: 512 | BB22: 457 | BC22: 494 | BD22: 422 | BE22: 493 | BF22: 488 | BG22: 470 | BH22: 4472 | BI22: 384 | BJ22: 431 | BK22: 458 | BL22: 429 | BM22: 430 | BN22: 400 | BO22: 390 | BP22: 171492 | BQ22: Treponema | BR22: Treponema pallidum
A23: 22 | B23: PT_SIF1261 | F23: -1 | G23: 2 | H23: 4 | I23: 3 | J23: 1 | K23: 3 | L23: 1 | M23: 1 | N23: SS14-like | O23: 10110 | P23: 585 | Q23: 525 | R23: 552 | S23: 466 | T23: 420 | U23: 527 | V23: 462 | W23: 517 | X23: 455 | Y23: 474 | Z23: 496 | AA23: 482 | AB23: 434 | AC23: 469 | AD23: 497 | AE23: 427 | AF23: 416 | AG23: 440 | AH23: 407 | AI23: 360 | AJ23: 593 | AK23: 513 | AL23: 482 | AM23: 546 | AN23: 4257 | AO23: 519 | AP23: 478 | AQ23: 513 | AR23: 544 | AS23: 491 | AT23: 478 | AU23: 425 | AV23: 434 | AW23: 471 | AX23: 443 | AY23: 479 | AZ23: 498 | BA23: 512 | BB23: 457 | BC23: 494 | BD23: 422 | BE23: 493 | BF23: 488 | BG23: 470 | BH23: 4472 | BI23: 384 | BJ23: 431 | BK23: 458 | BL23: 429 | BM23: 430 | BN23: 400 | BO23: 390 | BP23: 171492 | BQ23: Treponema | BR23: Treponema pallidum
A24: 23 | B24: PT_SIF1278 | F24: -1 | G24: 2 | H24: 4 | I24: 3 | J24: 1 | K24: 3 | L24: 1 | M24: 1 | N24: SS14-like | O24: 10110 | P24: 585 | Q24: 525 | R24: 552 | S24: 466 | T24: 420 | U24: 527 | V24: 462 | W24: 517 | X24: 455 | Y24: 474 | Z24: 496 | AA24: 482 | AB24: 434 | AC24: 469 | AD24: 497 | AE24: 427 | AF24: 416 | AG24: 440 | AH24: 407 | AI24: 360 | AJ24: 593 | AK24: 513 | AL24: 482 | AM24: 546 | AN24: 4257 | AO24: 519 | AP24: 478 | AQ24: 513 | AR24: 544 | AS24: 491 | AT24: 478 | AU24: 425 | AV24: 434 | AW24: 471 | AX24: 443 | AY24: 479 | AZ24: 498 | BA24: 512 | BB24: 457 | BC24: 494 | BD24: 422 | BE24: 493 | BF24: 488 | BG24: 470 | BH24: 4472 | BI24: 384 | BJ24: 431 | BK24: 458 | BL24: 429 | BM24: 430 | BN24: 400 | BO24: 390 | BP24: 171492 | BQ24: Treponema | BR24: Treponema pallidum
A25: 24 | B25: PT_SIF1280 | F25: -1 | G25: 2 | H25: 4 | I25: 3 | J25: 1 | K25: 3 | L25: 1 | M25: 1 | N25: SS14-like | O25: 10110 | P25: 585 | Q25: 525 | R25: 552 | S25: 466 | T25: 420 | U25: 527 | V25: 462 | W25: 517 | X25: 455 | Y25: 474 | Z25: 496 | AA25: 482 | AB25: 434 | AC25: 469 | AD25: 497 | AE25: 427 | AF25: 416 | AG25: 440 | AH25: 407 | AI25: 360 | AJ25: 593 | AK25: 513 | AL25: 482 | AM25: 546 | AN25: 4257 | AO25: 519 | AP25: 478 | AQ25: 513 | AR25: 544 | AS25: 491 | AT25: 478 | AU25: 425 | AV25: 434 | AW25: 471 | AX25: 443 | AY25: 479 | AZ25: 498 | BA25: 512 | BB25: 457 | BC25: 494 | BD25: 422 | BE25: 493 | BF25: 488 | BG25: 470 | BH25: 4472 | BI25: 384 | BJ25: 431 | BK25: 458 | BL25: 429 | BM25: 430 | BN25: 400 | BO25: 390 | BP25: 171492 | BQ25: Treponema | BR25: Treponema pallidum
... A38: 134 | B38: Mexico A | F38: -1 | G38: 5 | H38: 3 | I38: 1 | J38: 1 | K38: 13 | L38: 10 | M38: 21 | N38: SS14-like | O38: 10110 | P38: 585 | Q38: 525 | R38: 552 | S38: 466 | T38: 420 | U38: 527 | V38: 462 | W38: 517 | X38: 455 | Y38: 474 | Z38: 496 | AA38: 482 | AB38: 434 | AC38: 469 | AD38: 497 | AE38: 427 | AF38: 416 | AG38: 440 | AH38: 407 | AI38: 360 | AJ38: 593 | AK38: 513 | AL38: 482 | AM38: 546 | AN38: 4257 | AO38: 519 | AP38: 478 | AQ38: 513 | AR38: 544 | AS38: 491 | AT38: 478 | AU38: 425 | AV38: 434 | AW38: 471 | AX38: 443 | AY38: 479 | AZ38: 498 | BA38: 512 | BB38: 457 | BC38: 494 | BD38: 422 | BE38: 493 | BF38: 488 | BG38: 470 | BH38: 4472 | BI38: 384 | BJ38: 431 | BK38: 458 | BL38: 429 | BM38: 430 | BN38: 400 | BO38: 390 | BP38: 171492 | BQ38: Treponema | BR38: Treponema pallidum
A39: 135 | B39: DAL-1 | F39: -1 | H39: 1 | I39: 1 | J39: 11 | K39: 14 | L39: 10 | M39: 22 | N39: Nichols-like | O39: 10110 | P39: 585 | Q39: 525 | R39: 552 | S39: 466 | T39: 420 | U39: 527 | V39: 462 | W39: 517 | X39: 455 | Y39: 474 | Z39: 496 | AA39: 482 | AB39: 434 | AC39: 469 | AD39: 497 | AE39: 427 | AF39: 416 | AG39: 440 | AH39: 407 | AI39: 360 | AJ39: 593 | AK39: 513 | AL39: 482 | AM39: 546 | AN39: 4257 | AO39: 519 | AP39: 478 | AQ39: 513 | AR39: 544 | AS39: 491 | AT39: 478 | AU39: 425 | AV39: 434 | AW39: 471 | AX39: 443 | AY39: 479 | AZ39: 498 | BA39: 512 | BB39: 457 | BC39: 494 | BD39: 422 | BE39: 493 | BF39: 488 | BG39: 470 | BH39: 4472 | BI39: 384 | BJ39: 431 | BK39: 458 | BL39: 429 | BM39: 430 | BN39: 400 | BO39: 390 | BP39: 171492 | BQ39: Treponema | BR39: Treponema pallidum
A40: 136 | B40: SEA81-4 | F40: -1 | H40: 5 | I40: 1 | J40: 12 | K40: 15 | L40: 10 | M40: 23 | N40: Nichols-like | O40: 10110 | P40: 585 | Q40: 525 | R40: 552 | S40: 15259 | T40: 420 | U40: 527 | V40: 462 | W40: 517 | X40: 455 | Y40: 474 | Z40: 496 | AA40: 482 | AB40: 434 | AC40: 469 | AD40: 497 | AE40: 427 | AF40: 416 | AG40: 440 | AH40: 407 | AI40: 360 | AJ40: 593 | AK40: 513 | AL40: 482 | AM40: 546 | AN40: 4257 | AO40: 519 | AP40: 478 | AQ40: 513 | AR40: 544 | AS40: 491 | AT40: 478 | AU40: 425 | AV40: 434 | AW40: 471 | AX40: 443 | AY40: 479 | AZ40: 498 | BA40: 512 | BB40: 457 | BC40: 494 | BD40: 422 | BE40: 493 | BF40: 488 | BG40: 470 | BH40: 4472 | BI40: 384 | BJ40: 431 | BK40: 458 | BL40: 429 | BM40: 430 | BN40: 400 | BO40: 390 | BP40: 49890 | BQ40: Treponema | BR40: Treponema pallidum
A41: 137 | B41: Amoy | F41: -1 | H41: 2 | I41: 2 | J41: 6 | K41: 1 | L41: 8 | M41: 24 | N41: SS14-like | O41: 10110 | P41: 585 | Q41: 525 | R41: 552 | S41: 466 | T41: 420 | U41: 527 | V41: 462 | W41: 517 | X41: 455 | Y41: 474 | Z41: 496 | AA41: 482 | AB41: 434 | AC41: 469 | AD41: 497 | AE41: 427 | AF41: 416 | AG41: 440 | AH41: 407 | AI41: 360 | AJ41: 593 | AK41: 513 | AL41: 482 | AM41: 546 | AN41: 4257 | AO41: 519 | AP41: 478 | AQ41: 513 | AR41: 544 | AS41: 491 | AT41: 478 | AU41: 425 | AV41: 434 | AW41: 471 | AX41: 443 | AY41: 479 | AZ41: 498 | BA41: 512 | BB41: 457 | BC41: 494 | BD41: 422 | BE41: 493 | BF41: 488 | BG41: 470 | BH41: 4472 | BI41: 384 | BJ41: 431 | BK41: 458 | BL41: 429 | BM41: 430 | BN41: 400 | BO41: 390 | BP41: 171492 | BQ41: Treponema | BR41: Treponema pallidum
A42: 138 | B42: UZ1974 | F42: -1 | G42: 2 | H42: 6 | I42: 3 | J42: 1 | K42: 26 | L42: 1 | M42: 25 | N42: SS14-like | O42: 10110 | P42: 585 | Q42: 525 | R42: 552 | S42: 466 | T42: 420 | U42: 527 | V42: 462 | W42: 517 | X42: 455 | Y42: 474 | Z42: 496 | AA42: 482 | AB42: 434 | AC42: 469 | AD42: 497 | AE42: 427 | AF42: 416 | AG42: 440 | AH42: 407 | AI42: 360 | AJ42: 593 | AK42: 513 | AL42: 482 | AM42: 546 | AN42: 4257 | AO42: 519 | AP42: 478 | AQ42: 513 | AR42: 544 | AS42: 491 | AT42: 478 | AU42: 425 | AV42: 434 | AW42: 471 | AX42: 443 | AY42: 479 | AZ42: 498 | BA42: 512 | BB42: 457 | BC42: 494 | BD42: 422 | BE42: 493 | BF42: 488 | BG42: 470 | BH42: 4472 | BI42: 384 | BJ42: 431 | BK42: 458 | BL42: 429 | BM42: 430 | BN42: 400 | BO42: 390 | BP42: 171492 | BQ42: Treponema | BR42: Treponema pallidum
A43: 139 | B43: ARG2 | F43: -1 | P43: 585 | R43: 552 | S43: 466 | T43: 420 | U43: 527 | V43: 462 | W43: 517 | X43: 455 | Y43: 474 | Z43: 496 | AA43: 482 | AC43: 469 | AD43: 497 | AE43: 427 | AF43: 416 | AG43: 440 | AH43: 407 | AI43: 360 | AJ43: 593 | AN43: 4257 | AO43: 519 | AP43: 478 | AQ43: 513 | AS43: 491 | AT43: 478 | AU43: 425 | AX43: 443 | AY43: 479 | AZ43: 498 | BA43: 512 | BB43: 457 | BE43: 493 | BF43: 488 | BJ43: 431 | BK43: 458 | BL43: 429 | BM43: 430 | BN43: 400 | BO43: 390
A44: 140 | B44: AU15 | F44: -1 | O44: 10110 | P44: 585 | Q44: 525 | R44: 552 | S44: 466 | T44: 420 | U44: 527 | V44: 462 | W44: 517 | X44: 455 | Y44: 474 | AB44: 434 | AC44: 469 | AD44: 497 | AE44: 427 | AF44: 416 | AG44: 440 | AH44: 407 | AI44: 360 | AJ44: 593 | AK44: 513 | AL44: 482 | AM44: 546 | AN44: 4257 | AO44: 519 | AP44: 478 | AQ44: 513 | AR44: 544 | AS44: 491 | AT44: 478 | AU44: 425 | AV44: 434 | AW44: 471 | AX44: 443 | AY44: 479 | AZ44: 498 | BA44: 512 | BC44: 494 | BD44: 422 | BE44: 493 | BF44: 488 | BH44: 4472 | BI44: 384 | BJ44: 431 | BK44: 458 | BL44: 429 | BM44: 430 | BN44: 400 | BO44: 390
A45: 141 | B45: AU16 | F45: -1 | R45: 552 | T45: 420 | U45: 527 | V45: 462 | W45: 517 | X45: 455 | Y45: 474 | AA45: 482 | AB45: 434 | AC45: 469 | AD45: 497 | AE45: 427 | AF45: 416 | AG45: 440 | AH45: 407 | AI45: 360 | AK45: 513 | AL45: 482 | AM45: 546 | AN45: 4257 | AP45: 478 | AQ45: 513 | AS45: 491 | AT45: 478 | AV45: 434 | AW45: 471 | AX45: 443 | AZ45: 498 | BB45: 457 | BC45: 494 | BD45: 422 | BE45: 493 | BF45: 488 | BI45: 384 | BJ45: 431 | BK45: 458 | BL45: 429 | BM45: 430 | BN45: 400 | BO45: 390
A46: 142 | B46: AU17 | F46: -1 | P46: 585 | S46: 466 | T46: 420 | AA46: 482 | AD46: 497 | AF46: 416 | AG46: 440 | AI46: 360 | AL46: 482 | AQ46: 513 | AU46: 425 | BC46: 494 | BN46: 400 | BO46: 390
A47: 143 | B47: CZ27 | F47: -1 | G47: 2 | H47: 2 | I47: 2 | J47: 1 | K47: 1 | L47: 8 | M47: 3 | N47: SS14-like | O47: 10110 | P47: 585 | Q47: 525 | R47: 552 | S47: 466 | T47: 420 | U47: 527 | V47: 462 | W47: 517 | X47: 455 | Y47: 474 | Z47: 496 | AA47: 482 | AB47: 434 | AC47: 469 | AD47: 497 | AE47: 427 | AF47: 416 | AG47: 440 | AH47: 407 | AI47: 360 | AJ47: 593 | AK47: 513 | AL47: 482 | AM47: 546 | AN47: 4257 | AO47: 519 | AP47: 478 | AQ47: 513 | AR47: 544 | AS47: 491 | AT47: 478 | AU47: 425 | AV47: 434 | AW47: 471 | AX47: 443 | AY47: 479 | AZ47: 498 | BA47: 512 | BB47: 457 | BC47: 494 | BD47: 422 | BE47: 493 | BF47: 488 | BG47: 470 | BH47: 4472 | BI47: 384 | BJ47: 431 | BK47: 458 | BL47: 429 | BM47: 430 | BN47: 400 | BO47: 390 | BP47: 171492 | BQ47: Treponema | BR47: Treponema pallidum
A48: 144 | B48: Grady | F48: -1 | G48: 2 | H48: 2 | I48: 3 | J48: 1 | K48: 1 | L48: 1 | M48: 2 | N48: SS14-like | O48: 10110 | P48: 585 | Q48: 525 | R48: 552 | S48: 466 | T48: 420 | U48: 527 | V48: 462 | W48: 517 | X48: 455 | Y48: 474 | Z48: 496 | AA48: 482 | AB48: 434 | AC48: 469 | AD48: 497 | AE48: 427 | AF48: 416 | AG48: 440 | AH48: 407 | AI48: 360 | AJ48: 593 | AK48: 513 | AL48: 482 | AM48: 546 | AN48: 4257 | AO48: 519 | AP48: 478 | AQ48: 513 | AR48: 544 | AS48: 491 | AT48: 478 | AU48: 425 | AV48: 434 | AW48: 471 | AX48: 443 | AY48: 479 | AZ48: 498 | BA48: 512 | BB48: 457 | BC48: 494 | BD48: 422 | BE48: 493 | BF48: 488 | BG48: 470 | BH48: 4472 | BI48: 384 | BJ48: 431 | BK48: 458 | BL48: 429 | BM48: 430 | BN48: 400 | BO48: 390 | BP48: 171492 | BQ48: Treponema | BR48: Treponema pallidum
A49: 145 | B49: NE12 | F49: -1 | T49: 420 | AQ49: 513 | BJ49: 431 | BL49: 429
A50: 146 | B50: NE15 | F50: -1 | O50: 10110 | Q50: 525 | T50: 420 | W50: 517 | AC50: 469 | AD50: 497 | AE50: 427 | AF50: 416 | AG50: 440 | AH50: 407 | AJ50: 593 | AN50: 4257 | AQ50: 513 | AT50: 478 | AU50: 425 | AV50: 434 | BC50: 494 | BE50: 493 | BI50: 384 | BJ50: 431 | BL50: 429 | BO50: 390
A51: 147 | B51: NE17 | F51: -1 | O51: 10110 | Q51: 525 | R51: 552 | S51: 466 | T51: 420 | U51: 527 | V51: 462 | W51: 517 | X51: 455 | Y51: 474 | AA51: 482 | AB51: 434 | AC51: 469 | AD51: 497 | AE51: 427 | AF51: 416 | AG51: 440 | AH51: 407 | AI51: 360 | AK51: 513 | AL51: 482 | AM51: 546 | AO51: 519 | AP51: 478 | AQ51: 513 | AS51: 491 | AT51: 478 | AU51: 425 | AV51: 434 | AW51: 471 | AX51: 443 | AY51: 479 | AZ51: 498 | BB51: 457 | BC51: 494 | BD51: 422 | BE51: 493 | BF51: 488 | BG51: 470 | BH51: 4472 | BI51: 384 | BJ51: 431 | BK51: 458 | BL51: 429 | BM51: 430 | BN51: 400 | BO51: 390
A52: 148 | B52: NE19 | F52: -1 | AI52: 360 | AU52: 425 | BN52: 400
A53: 149 | B53: SW1 | F53: -1 | Q53: 525 | R53: 552 | S53: 466 | T53: 420 | U53: 527 | V53: 462 | W53: 517 | Y53: 474 | Z53: 496 | AA53: 482 | AB53: 434 | AC53: 469 | AD53: 497 | AE53: 427 | AF53: 416 | AG53: 440 | AI53: 360 | AJ53: 593 | AL53: 482 | AO53: 519 | AP53: 478 | AQ53: 513 | AR53: 544 | AS53: 491 | AT53: 478 | AU53: 425 | AV53: 434 | AX53: 443 | AY53: 479 | BA53: 512 | BB53: 457 | BD53: 422 | BE53: 493 | BF53: 488 | BI53: 384 | BJ53: 431 | BL53: 429 | BM53: 430 | BN53: 400 | BO53: 390
A54: 150 | B54: SW4 | F54: -1 | P54: 585 | V54: 462 | X54: 455 | Y54: 474 | AA54: 482 | AB54: 434 | AD54: 497 | AE54: 427 | AG54: 440 | AH54: 407 | AI54: 360 | AK54: 513 | AN54: 4257 | AO54: 519 | AP54: 478 | AQ54: 513 | AU54: 425 | AW54: 471 | AZ54: 498 | BC54: 494 | BE54: 493 | BH54: 4472 | BJ54: 431 | BL54: 429 | BM54: 430 | BN54: 400 | BO54: 390
A55: 151 | B55: SW6 | F55: -1 | S55: 466 | T55: 420 | W55: 517 | Z55: 496 | AC55: 469 | AD55: 497 | AE55: 427 | AF55: 416 | AH55: 407 | AI55: 360 | AM55: 546 | AQ55: 513 | AV55: 434 | BH55: 4472 | BJ55: 431 | BK55: 458 | BN55: 400
A56: 152 | B56: SW8 | F56: -1 | O56: 10110 | P56: 585 | Q56: 525 | T56: 420 | U56: 527 | V56: 462 | W56: 517 | Z56: 496 | AA56: 482 | AB56: 434 | AC56: 469 | AE56: 427 | AF56: 416 | AH56: 407 | AM56: 546 | AN56: 4257 | AP56: 478 | AQ56: 513 | AR56: 544 | AT56: 478 | AV56: 434 | AW56: 471 | AX56: 443 | AZ56: 498 | BB56: 457 | BC56: 494 | BD56: 422 | BE56: 493 | BF56: 488 | BG56: 470 | BH56: 4472 | BI56: 384 | BJ56: 431 | BK56: 458 | BL56: 429 | BM56: 430 | BN56: 400 | BO56: 390
A57: 153 | B57: UW249B | F57: -1 | T57: 420 | AA57: 482 | AE57: 427 | AF57: 416 | AI57: 360 | AN57: 4257 | AO57: 519 | AP57: 478 | AS57: 491 | AT57: 478 | AU57: 425 | AZ57: 498 | BJ57: 431 | BL57: 429 | BN57: 400 | BO57: 390
A58: 154 | B58: BAL3 | F58: -1 | O58: 10110 | P58: 585 | Q58: 525 | S58: 466 | T58: 420 | V58: 462 | W58: 517 | Y58: 474 | Z58: 496 | AA58: 482 | AB58: 434 | AC58: 469 | AD58: 497 | AE58: 427 | AF58: 416 | AG58: 440 | AI58: 360 | AJ58: 102442 | AK58: 513 | AL58: 482 | AM58: 546 | AN58: 4257 | AO58: 519 | AQ58: 513 | AR58: 544 | AS58: 491 | AU58: 425 | AW58: 471 | AX58: 443 | AY58: 479 | AZ58: 498 | BA58: 512 | BC58: 494 | BD58: 422 | BE58: 493 | BH58: 4472 | BI58: 384 | BJ58: 431 | BK58: 458 | BL58: 429 | BN58: 400 | BO58: 390
A59: 155 | B59: BAL73 | F59: -1 | P59: 585 | S59: 466 | T59: 420 | W59: 517 | Y59: 474 | AB59: 434 | AD59: 497 | AF59: 416 | AN59: 4257 | AO59: 519 | AT59: 478 | AU59: 425 | AY59: 479 | AZ59: 498 | BF59: 488 | BJ59: 431 | BN59: 400 | BO59: 390
A60: 156 | B60: NE20 | F60: -1 | G60: 6 | J60: 9 | K60: 7 | O60: 10110 | P60: 585 | Q60: 525 | R60: 552 | S60: 466 | T60: 420 | U60: 527 | V60: 462 | W60: 517 | Y60: 474 | Z60: 496 | AA60: 482 | AB60: 434 | AC60: 469 | AD60: 497 | AE60: 427 | AF60: 416 | AG60: 440 | AH60: 407 | AI60: 360 | AJ60: 593 | AL60: 482 | AM60: 546 | AN60: 4257 | AO60: 519 | AP60: 478 | AQ60: 513 | AT60: 478 | AU60: 425 | AV60: 434 | AY60: 479 | AZ60: 498 | BA60: 512 | BB60: 457 | BC60: 494 | BD60: 422 | BE60: 493 | BF60: 488 | BH60: 4472 | BI60: 384 | BJ60: 431 | BK60: 458 | BL60: 429 | BM60: 430 | BN60: 400 | BO60: 390
A61: 157 | B61: SEA86-1 | F61: -1 | AB61: 434 | BO61: 390
A62: 158 | B62: Chicago-population | F62: -1 | H62: 1 | I62: 1 | K62: 14 | L62: 10 | O62: 10110 | P62: 585 | Q62: 525 | R62: 552 | S62: 466 | T62: 420 | U62: 527 | V62: 462 | W62: 517 | X62: 455 | Y62: 474 | Z62: 496 | AA62: 482 | AB62: 434 | AC62: 469 | AD62: 497 | AE62: 427 | AF62: 416 | AG62: 440 | AH62: 407 | AI62: 360 | AJ62: 593 | AK62: 513 | AL62: 482 | AM62: 546 | AN62: 4257 | AO62: 519 | AP62: 478 | AQ62: 513 | AR62: 544 | AS62: 491 | AT62: 478 | AU62: 425 | AV62: 434 | AW62: 471 | AX62: 443 | AY62: 479 | AZ62: 498 | BA62: 512 | BB62: 457 | BC62: 494 | BD62: 422 | BE62: 493 | BF62: 488 | BG62: 470 | BH62: 4472 | BI62: 384 | BJ62: 431 | BK62: 458 | BL62: 429 | BM62: 430 | BN62: 400 | BO62: 390 | BP62: 171492 | BQ62: Treponema | BR62: Treponema pallidum
A63: 159 | B63: CDC-A | F63: -1 | H63: 1 | I63: 1 | K63: 14 | L63: 10 | O63: 10110 | P63: 585 | Q63: 525 | R63: 552 | S63: 466 | T63: 420 | U63: 527 | V63: 462 | W63: 517 | X63: 455 | Y63: 474 | Z63: 496 | AA63: 482 | AB63: 434 | AC63: 469 | AD63: 497 | AE63: 427 | AF63: 416 | AG63: 440 | AH63: 407 | AI63: 360 | AJ63: 593 | AK63: 513 | AL63: 482 | AM63: 546 | AN63: 4257 | AO63: 519 | AP63: 478 | AQ63: 513 | AR63: 544 | AS63: 491 | AT63: 478 | AU63: 425 | AV63: 434 | AW63: 471 | AX63: 443 | AY63: 479 | AZ63: 498 | BA63: 512 | BB63: 457 | BC63: 494 | BD63: 422 | BE63: 493 | BF63: 488 | BG63: 470 | BH63: 4472 | BI63: 384 | BJ63: 431 | BK63: 458 | BL63: 429 | BM63: 430 | BN63: 400 | BO63: 390 | BP63: 171492 | BQ63: Treponema | BR63: Treponema pallidum
A64: 160 | B64: Nichols-Seattle | F64: -1 | H64: 1 | I64: 1 | J64: 11 | K64: 14 | L64: 10 | M64: 22 | N64: Nichols-like | O64: 10110 | P64: 585 | Q64: 525 | R64: 552 | S64: 466 | T64: 420 | U64: 527 | V64: 462 | W64: 517 | X64: 455 | Y64: 474 | Z64: 496 | AA64: 482 | AB64: 434 | AC64: 469 | AD64: 497 | AE64: 427 | AF64: 416 | AG64: 440 | AH64: 407 | AI64: 360 | AJ64: 593 | AK64: 513 | AL64: 482 | AM64: 546 | AN64: 4257 | AO64: 519 | AP64: 478 | AQ64: 513 | AR64: 544 | AS64: 491 | AT64: 478 | AU64: 425 | AV64: 434 | AW64: 471 | AX64: 443 | AY64: 479 | AZ64: 498 | BA64: 512 | BB64: 457 | BC64: 494 | BD64: 422 | BE64: 493 | BF64: 488 | BG64: 470 | BH64: 4472 | BI64: 384 | BJ64: 431 | BK64: 458 | BL64: 429 | BM64: 430 | BN64: 400 | BO64: 390 | BP64: 171492 | BQ64: Treponema | BR64: Treponema pallidum
A65: 161 | B65: Houston_cloneE | F65: -1 | G65: 1 | H65: 1 | I65: 1 | J65: 10 | K65: 14 | L65: 10 | M65: 20 | N65: Nichols-like | O65: 10110 | P65: 585 | Q65: 525 | R65: 552 | S65: 466 | T65: 420 | U65: 527 | V65: 462 | W65: 517 | X65: 455 | Y65: 474 | Z65: 496 | AA65: 482 | AB65: 434 | AC65: 469 | AD65: 497 | AE65: 427 | AF65: 416 | AG65: 440 | AH65: 407 | AI65: 360 | AJ65: 593 | AK65: 513 | AL65: 482 | AM65: 546 | AN65: 4257 | AO65: 519 | AP65: 478 | AQ65: 513 | AR65: 544 | AS65: 491 | AT65: 478 | AU65: 425 | AV65: 434 | AW65: 471 | AX65: 443 | AY65: 479 | AZ65: 498 | BA65: 512 | BB65: 457 | BC65: 494 | BD65: 422 | BE65: 493 | BF65: 488 | BG65: 470 | BH65: 4472 | BI65: 384 | BJ65: 431 | BK65: 458 | BL65: 429 | BM65: 430 | BN65: 400 | BO65: 390 | BP65: 171492 | BQ65: Treponema | BR65: Treponema pallidum
A66: 162 | B66: Houston_cloneJ | F66: -1 | H66: 1 | I66: 1 | K66: 14 | L66: 10 | O66: 10110 | P66: 585 | Q66: 525 | R66: 552 | S66: 466 | T66: 420 | U66: 527 | V66: 462 | W66: 517 | X66: 455 | Y66: 474 | Z66: 496 | AA66: 482 | AB66: 434 | AC66: 469 | AD66: 497 | AE66: 427 | AF66: 416 | AG66: 440 | AH66: 407 | AI66: 360 | AJ66: 593 | AK66: 513 | AL66: 482 | AM66: 546 | AN66: 4257 | AO66: 519 | AP66: 478 | AQ66: 513 | AR66: 544 | AS66: 491 | AT66: 478 | AU66: 425 | AV66: 434 | AW66: 471 | AX66: 443 | AY66: 479 | AZ66: 498 | BA66: 512 | BB66: 457 | BC66: 494 | BD66: 422 | BE66: 493 | BF66: 488 | BG66: 470 | BH66: 4472 | BI66: 384 | BJ66: 431 | BK66: 458 | BL66: 429 | BM66: 430 | BN66: 400 | BO66: 390 | BP66: 171492 | BQ66: Treponema | BR66: Treponema pallidum
A67: 163 | B67: UW074B | F67: -1 | G67: 2 | H67: 4 | I67: 3 | J67: 1 | K67: 3 | L67: 1 | M67: 1 | N67: SS14-like | O67: 10110 | P67: 585 | Q67: 525 | R67: 552 | S67: 466 | T67: 420 | U67: 527 | V67: 462 | W67: 517 | X67: 455 | Y67: 474 | Z67: 496 | AA67: 482 | AB67: 434 | AC67: 469 | AD67: 497 | AE67: 427 | AF67: 416 | AG67: 440 | AH67: 407 | AI67: 360 | AJ67: 593 | AK67: 513 | AL67: 482 | AM67: 546 | AN67: 4257 | AO67: 519 | AP67: 478 | AQ67: 513 | AR67: 544 | AS67: 491 | AT67: 478 | AU67: 425 | AV67: 434 | AW67: 471 | AX67: 443 | AY67: 479 | AZ67: 498 | BA67: 512 | BB67: 457 | BC67: 494 | BD67: 422 | BE67: 493 | BF67: 488 | BG67: 470 | BH67: 4472 | BI67: 384 | BJ67: 431 | BK67: 458 | BL67: 429 | BM67: 430 | BN67: 400 | BO67: 390 | BP67: 171492 | BQ67: Treponema | BR67: Treponema pallidum
A68: 164 | B68: UW189B | F68: -1 | G68: 6 | H68: 7 | I68: 9 | J68: 9 | K68: 7 | L68: 3 | M68: 26 | N68: Nichols-like | O68: 10110 | P68: 585 | Q68: 525 | R68: 552 | S68: 466 | T68: 420 | U68: 527 | V68: 462 | W68: 517 | X68: 455 | Y68: 474 | Z68: 496 | AA68: 482 | AB68: 434 | AC68: 469 | AD68: 497 | AE68: 427 | AF68: 416 | AG68: 440 | AH68: 407 | AI68: 360 | AJ68: 593 | AK68: 513 | AL68: 482 | AM68: 546 | AN68: 4257 | AO68: 519 | AP68: 478 | AQ68: 513 | AR68: 544 | AS68: 491 | AT68: 478 | AU68: 425 | AV68: 434 | AW68: 471 | AX68: 443 | AY68: 479 | AZ68: 498 | BA68: 512 | BB68: 457 | BC68: 494 | BD68: 422 | BE68: 493 | BF68: 488 | BG68: 470 | BH68: 4472 | BI68: 384 | BJ68: 431 | BK68: 458 | BL68: 429 | BM68: 430 | BN68: 400 | BO68: 390 | BP68: 171492 | BQ68: Treponema | BR68: Treponema pallidum
A69: 165 | B69: UW228B | F69: -1 | G69: 2 | H69: 2 | I69: 9 | J69: 1 | K69: 1 | L69: 3 | M69: 11 | N69: SS14-like | O69: 10110 | P69: 585 | Q69: 525 | R69: 552 | S69: 466 | T69: 420 | U69: 527 | V69: 462 | W69: 517 | X69: 455 | Y69: 474 | Z69: 496 | AA69: 482 | AB69: 434 | AC69: 469 | AD69: 497 | AE69: 427 | AF69: 416 | AG69: 440 | AH69: 407 | AI69: 360 | AJ69: 593 | AK69: 513 | AL69: 482 | AM69: 546 | AN69: 4257 | AO69: 519 | AP69: 478 | AQ69: 513 | AR69: 544 | AS69: 491 | AT69: 478 | AU69: 425 | AV69: 434 | AW69: 471 | AX69: 443 | AY69: 479 | AZ69: 498 | BA69: 512 | BB69: 457 | BC69: 494 | BD69: 422 | BE69: 493 | BF69: 488 | BG69: 470 | BH69: 4472 | BI69: 384 | BJ69: 431 | BK69: 458 | BL69: 429 | BM69: 430 | BN69: 400 | BO69: 390 | BP69: 171492 | BQ69: Treponema | BR69: Treponema pallidum
A70: 166 | B70: UW254B | F70: -1 | G70: 2 | H70: 2 | I70: 9 | J70: 1 | K70: 1 | L70: 3 | M70: 11 | N70: SS14-like | O70: 10110 | P70: 585 | Q70: 525 | R70: 552 | S70: 466 | T70: 420 | U70: 527 | V70: 462 | W70: 517 | X70: 455 | Y70: 474 | Z70: 496 | AA70: 482 | AB70: 434 | AC70: 469 | AD70: 497 | AE70: 427 | AF70: 416 | AG70: 440 | AH70: 407 | AI70: 360 | AJ70: 593 | AK70: 513 | AL70: 482 | AM70: 546 | AN70: 4257 | AO70: 519 | AP70: 478 | AQ70: 513 | AR70: 544 | AS70: 491 | AT70: 478 | AU70: 425 | AV70: 434 | AW70: 471 | AX70: 443 | AY70: 479 | AZ70: 498 | BA70: 512 | BB70: 457 | BC70: 494 | BD70: 422 | BE70: 493 | BF70: 488 | BG70: 470 | BH70: 4472 | BI70: 384 | BJ70: 431 | BK70: 458 | BL70: 429 | BM70: 430 | BN70: 400 | BO70: 390 | BP70: 171492 | BQ70: Treponema | BR70: Treponema pallidum
A71: 167 | B71: UW391B | F71: -1 | G71: 2 | H71: 2 | I71: 4 | J71: 1 | K71: 1 | L71: 9 | M71: 27 | N71: SS14-like | O71: 10110 | P71: 585 | Q71: 525 | R71: 552 | S71: 466 | T71: 420 | U71: 527 | V71: 462 | W71: 517 | X71: 455 | Y71: 474 | Z71: 496 | AA71: 482 | AB71: 434 | AC71: 469 | AD71: 497 | AE71: 427 | AF71: 416 | AG71: 440 | AH71: 407 | AI71: 360 | AJ71: 593 | AK71: 513 | AL71: 482 | AM71: 546 | AN71: 4257 | AO71: 519 | AP71: 478 | AQ71: 513 | AR71: 544 | AS71: 491 | AT71: 478 | AU71: 425 | AV71: 434 | AW71: 471 | AX71: 443 | AY71: 479 | AZ71: 498 | BA71: 512 | BB71: 457 | BC71: 494 | BD71: 422 | BE71: 493 | BF71: 488 | BG71: 470 | BH71: 4472 | BI71: 384 | BJ71: 431 | BK71: 458 | BL71: 429 | BM71: 430 | BN71: 400 | BO71: 390 | BP71: 171492 | BQ71: Treponema | BR71: Treponema pallidum
A72: 224 | B72: Phi1 | F72: -1 | G72: 2 | H72: 2 | I72: 3 | J72: 1 | K72: 1 | L72: 1 | M72: 2 | N72: SS14-like | O72: 10110 | P72: 585 | Q72: 525 | R72: 552 | S72: 466 | T72: 420 | U72: 527 | V72: 462 | W72: 517 | X72: 455 | Y72: 474 | Z72: 496 | AA72: 482 | AB72: 434 | AC72: 469 | AD72: 497 | AE72: 427 | AF72: 416 | AG72: 440 | AH72: 407 | AI72: 360 | AJ72: 593 | AK72: 513 | AL72: 482 | AM72: 546 | AN72: 4257 | AO72: 519 | AP72: 478 | AQ72: 513 | AR72: 544 | AS72: 491 | AT72: 478 | AU72: 425 | AV72: 434 | AW72: 471 | AX72: 443 | AY72: 479 | AZ72: 498 | BA72: 512 | BB72: 457 | BC72: 494 | BD72: 422 | BE72: 493 | BF72: 488 | BG72: 470 | BH72: 4472 | BI72: 384 | BJ72: 431 | BK72: 458 | BL72: 429 | BM72: 430 | BN72: 400 | BO72: 390 | BP72: 171492 | BQ72: Treponema | BR72: Treponema pallidum
A73: 378 | B73: CW30 | F73: -1 | G73: 2 | H73: 4 | I73: 3 | J73: 1 | K73: 3 | L73: 1 | M73: 1 | N73: SS14-like | O73: 10110 | P73: 585 | Q73: 525 | R73: 552 | S73: 466 | T73: 420 | U73: 527 | V73: 462 | W73: 517 | X73: 455 | Y73: 474 | Z73: 496 | AA73: 482 | AB73: 434 | AC73: 469 | AD73: 497 | AE73: 427 | AF73: 416 | AG73: 440 | AH73: 407 | AI73: 360 | AJ73: 593 | AK73: 513 | AL73: 482 | AM73: 546 | AN73: 4257 | AO73: 519 | AP73: 478 | AQ73: 513 | AR73: 544 | AS73: 491 | AT73: 478 | AU73: 425 | AV73: 434 | AW73: 471 | AX73: 443 | AY73: 479 | AZ73: 498 | BA73: 512 | BB73: 457 | BC73: 494 | BD73: 422 | BE73: 493 | BF73: 488 | BG73: 470 | BH73: 4472 | BI73: 384 | BJ73: 431 | BK73: 458 | BL73: 429 | BM73: 430 | BN73: 400 | BO73: 390 | BP73: 171492 | BQ73: Treponema | BR73: Treponema pallidum
A74: 382 | B74: CW84 | F74: -1 | G74: 2 | H74: 4 | I74: 3 | J74: 1 | K74: 3 | L74: 1 | M74: 1 | N74: SS14-like | O74: 10110 | P74: 585 | Q74: 525 | R74: 552 | S74: 466 | T74: 420 | U74: 527 | V74: 462 | W74: 517 | X74: 455 | Y74: 474 | Z74: 496 | AA74: 482 | AB74: 434 | AC74: 469 | AD74: 497 | AE74: 427 | AF74: 416 | AG74: 440 | AH74: 407 | AI74: 360 | AJ74: 593 | AK74: 513 | AL74: 482 | AM74: 546 | AN74: 4257 | AO74: 519 | AP74: 478 | AQ74: 513 | AR74: 544 | AS74: 491 | AT74: 478 | AU74: 425 | AV74: 434 | AW74: 471 | AX74: 443 | AY74: 479 | AZ74: 498 | BA74: 512 | BB74: 457 | BC74: 494 | BD74: 422 | BE74: 493 | BF74: 488 | BG74: 470 | BH74: 4472 | BI74: 384 | BJ74: 431 | BK74: 458 | BL74: 429 | BM74: 430 | BN74: 400 | BO74: 390 | BP74: 171492 | BQ74: Treponema | BR74: Treponema pallidum
A75: 389 | B75: CW85 | F75: -1 | G75: 2 | H75: 4 | I75: 3 | J75: 1 | K75: 3 | L75: 1 | M75: 1 | N75: SS14-like | O75: 10110 | P75: 585 | Q75: 525 | R75: 552 | S75: 466 | T75: 420 | U75: 527 | V75: 462 | W75: 517 | X75: 455 | Y75: 474 | Z75: 496 | AA75: 482 | AB75: 434 | AC75: 469 | AD75: 497 | AE75: 427 | AF75: 416 | AG75: 440 | AH75: 407 | AI75: 360 | AJ75: 593 | AK75: 513 | AL75: 482 | AM75: 546 | AN75: 4257 | AO75: 519 | AP75: 478 | AQ75: 513 | AR75: 544 | AS75: 491 | AT75: 478 | AU75: 425 | AV75: 434 | AW75: 471 | AX75: 443 | AY75: 479 | AZ75: 498 | BA75: 512 | BB75: 457 | BC75: 494 | BD75: 422 | BE75: 493 | BF75: 488 | BG75: 470 | BH75: 4472 | BI75: 384 | BJ75: 431 | BK75: 458 | BL75: 429 | BM75: 430 | BN75: 400 | BO75: 390 | BP75: 171492 | BQ75: Treponema | BR75: Treponema pallidum
A76: 403 | B76: CW87 | F76: -1 | G76: 2 | H76: 8 | I76: 3 | J76: 1 | K76: 23 | L76: 1 | M76: 35 | N76: SS14-like | O76: 10110 | P76: 585 | Q76: 525 | R76: 552 | S76: 466 | T76: 420 | U76: 527 | V76: 462 | W76: 517 | X76: 455 | Y76: 474 | Z76: 496 | AA76: 482 | AB76: 434 | AC76: 469 | AD76: 497 | AE76: 427 | AF76: 416 | AG76: 440 | AH76: 407 | AI76: 360 | AJ76: 593 | AK76: 513 | AL76: 482 | AM76: 546 | AN76: 4257 | AO76: 519 | AP76: 478 | AQ76: 513 | AR76: 544 | AS76: 491 | AT76: 478 | AU76: 425 | AV76: 434 | AW76: 471 | AX76: 443 | AY76: 479 | AZ76: 498 | BA76: 512 | BB76: 457 | BC76: 494 | BD76: 422 | BE76: 493 | BF76: 488 | BG76: 470 | BH76: 4472 | BI76: 384 | BJ76: 431 | BK76: 458 | BL76: 429 | BM76: 430 | BN76: 400 | BO76: 390 | BP76: 171492 | BQ76: Treponema | BR76: Treponema pallidum
A77: 471 | B77: CW88 | F77: -1 | G77: 2 | H77: 4 | I77: 3 | J77: 1 | K77: 3 | L77: 1 | M77: 1 | N77: SS14-like | O77: 10110 | P77: 585 | Q77: 525 | R77: 552 | S77: 466 | T77: 420 | U77: 527 | V77: 462 | W77: 517 | X77: 455 | Y77: 474 | Z77: 496 | AA77: 482 | AB77: 434 | AC77: 469 | AD77: 497 | AE77: 427 | AF77: 416 | AG77: 440 | AH77: 407 | AI77: 360 | AJ77: 593 | AK77: 513 | AL77: 482 | AM77: 546 | AN77: 4257 | AO77: 519 | AP77: 478 | AQ77: 513 | AR77: 544 | AS77: 491 | AT77: 478 | AU77: 425 | AV77: 434 | AW77: 471 | AX77: 443 | AY77: 479 | AZ77: 498 | BA77: 512 | BB77: 457 | BC77: 494 | BD77: 422 | BE77: 493 | BF77: 488 | BG77: 470 | BH77: 4472 | BI77: 384 | BJ77: 431 | BK77: 458 | BL77: 429 | BM77: 430 | BN77: 400 | BO77: 390 | BP77: 171492 | BQ77: Treponema | BR77: Treponema pallidum
A78: 473 | B78: CW56 | F78: -1 | G78: 2 | H78: 4 | I78: 3 | J78: 1 | K78: 3 | L78: 1 | M78: 1 | N78: SS14-like | O78: 10110 | P78: 585 | Q78: 525 | R78: 552 | S78: 466 | T78: 420 | U78: 527 | V78: 462 | W78: 517 | X78: 455 | Y78: 474 | Z78: 496 | AA78: 482 | AB78: 434 | AC78: 469 | AD78: 497 | AE78: 427 | AF78: 416 | AG78: 440 | AH78: 407 | AI78: 360 | AJ78: 593 | AK78: 513 | AL78: 482 | AM78: 546 | AN78: 4257 | AO78: 519 | AP78: 478 | AQ78: 513 | AR78: 544 | AS78: 491 | AT78: 478 | AU78: 425 | AV78: 434 | AW78: 471 | AX78: 443 | AY78: 479 | AZ78: 498 | BA78: 512 | BB78: 457 | BC78: 494 | BD78: 422 | BE78: 493 | BF78: 488 | BG78: 470 | BH78: 4472 | BI78: 384 | BJ78: 431 | BK78: 458 | BL78: 429 | BM78: 430 | BN78: 400 | BO78: 390 | BP78: 171492 | BQ78: Treponema | BR78: Treponema pallidum
... A83: 566 | B83: CW59 | F83: -1 | G83: 6 | H83: 7 | I83: 9 | J83: 9 | K83: 7 | L83: 3 | M83: 26 | N83: Nichols-like | O83: 10110 | P83: 585 | Q83: 525 | R83: 552 | S83: 466 | T83: 420 | U83: 527 | V83: 462 | W83: 517 | X83: 455 | Y83: 474 | Z83: 496 | AA83: 482 | AB83: 434 | AC83: 469 | AD83: 497 | AE83: 427 | AF83: 416 | AG83: 440 | AH83: 407 | AI83: 360 | AJ83: 593 | AK83: 513 | AL83: 482 | AM83: 546 | AN83: 4257 | AO83: 519 | AP83: 478 | AQ83: 513 | AR83: 544 | AS83: 491 | AT83: 478 | AU83: 425 | AV83: 434 | AW83: 471 | AX83: 443 | AY83: 479 | AZ83: 498 | BA83: 512 | BB83: 457 | BC83: 494 | BD83: 422 | BE83: 493 | BF83: 488 | BG83: 470 | BH83: 4472 | BI83: 384 | BJ83: 431 | BK83: 458 | BL83: 429 | BM83: 430 | BN83: 400 | BO83: 390 | BP83: 171492 | BQ83: Treponema | BR83: Treponema pallidum
A84: 567 | B84: CW57 | F84: -1 | I84: 3 | J84: 1 | K84: 3 | L84: 1 | M84: 1 | N84: SS14-like | O84: 10110 | S84: 466 | T84: 420 | U84: 527 | V84: 462 | W84: 517 | X84: 455 | Y84: 474 | Z84: 496 | AA84: 482 | AB84: 434 | AC84: 469 | AD84: 497 | AE84: 427 | AF84: 416 | AL84: 482 | AM84: 546 | AN84: 4257 | AO84: 519 | AP84: 478 | AQ84: 513 | AS84: 491 | AV84: 434 | AW84: 471 | AX84: 443 | AY84: 479 | BA84: 512 | BB84: 457 | BD84: 422 | BE84: 493 | BF84: 488 | BG84: 470 | BH84: 4472 | BI84: 384 | BJ84: 431 | BK84: 458 | BL84: 429 | BM84: 430 | BN84: 400 | BO84: 390
A85: 573 | B85: CW51 | F85: -1 | H85: 4 | J85: 1 | K85: 3 | L85: 1 | M85: 1 | N85: SS14-like | T85: 420 | V85: 462 | W85: 517 | AC85: 469 | AE85: 427 | AK85: 513 | AO85: 519 | AQ85: 513 | AS85: 491 | AU85: 425 | AW85: 471 | BG85: 470 | BI85: 384 | BJ85: 431 | BN85: 400
A86: 574 | B86: CW53 | F86: -1 | I86: 3 | J86: 1 | K86: 3 | L86: 1 | M86: 1 | N86: SS14-like | O86: 10110 | P86: 585 | Q86: 525 | R86: 552 | S86: 466 | T86: 420 | U86: 527 | W86: 517 | X86: 455 | Y86: 474 | Z86: 496 | AA86: 482 | AB86: 434 | AC86: 469 | AE86: 427 | AF86: 416 | AJ86: 593 | AM86: 546 | AN86: 4257 | AO86: 519 | AQ86: 513 | AR86: 544 | AS86: 491 | AT86: 478 | AU86: 425 | AW86: 471 | AX86: 443 | AY86: 479 | BC86: 494 | BD86: 422 | BE86: 493 | BF86: 488 | BG86: 470 | BH86: 4472 | BK86: 458 | BL86: 429 | BN86: 400 | BO86: 390
A87: 576 | B87: CW29 | F87: -1 | J87: 1 | K87: 3 | L87: 1 | M87: 1 | N87: SS14-like | U87: 527 | V87: 462 | AM87: 546 | AT87: 478 | BD87: 422 | BG87: 470 | BN87: 400
A88: 590 | B88: CW45 | F88: -1 | H88: 6 | I88: 3 | J88: 1 | K88: 26 | L88: 1 | M88: 25 | N88: SS14-like | O88: 10110 | P88: 585 | Q88: 525 | R88: 552 | S88: 466 | T88: 420 | U88: 527 | W88: 517 | X88: 455 | Y88: 474 | Z88: 496 | AA88: 482 | AB88: 434 | AC88: 469 | AD88: 497 | AE88: 427 | AF88: 416 | AH88: 407 | AI88: 360 | AJ88: 593 | AL88: 482 | AM88: 546 | AN88: 4257 | AO88: 519 | AP88: 478 | AQ88: 513 | AR88: 544 | AS88: 491 | AT88: 478 | AU88: 425 | AX88: 443 | AY88: 479 | AZ88: 498 | BA88: 512 | BB88: 457 | BD88: 422 | BE88: 493 | BF88: 488 | BG88: 470 | BI88: 384 | BJ88: 431 | BK88: 458 | BL88: 429 | BM88: 430 | BN88: 400 | BO88: 390
A89: 596 | B89: CW89 | F89: -1 | H89: 6 | I89: 3 | J89: 1 | K89: 26 | L89: 1 | M89: 25 | N89: SS14-like | O89: 10110 | P89: 585 | Q89: 525 | S89: 466 | T89: 420 | U89: 527 | V89: 462 | W89: 517 | X89: 455 | Y89: 474 | Z89: 496 | AA89: 482 | AB89: 434 | AC89: 469 | AD89: 497 | AE89: 427 | AF89: 416 | AH89: 407 | AI89: 360 | AJ89: 593 | AL89: 482 | AM89: 546 | AN89: 4257 | AO89: 519 | AP89: 478 | AQ89: 513 | AR89: 544 | AS89: 491 | AT89: 478 | AU89: 425 | AW89: 471 | AX89: 443 | AY89: 479 | AZ89: 498 | BA89: 512 | BB89: 457 | BC89: 494 | BD89: 422 | BF89: 488 | BG89: 470 | BH89: 4472 | BI89: 384 | BJ89: 431 | BK89: 458 | BL89: 429 | BM89: 430 | BN89: 400 | BO89: 390
A90: 597 | B90: CW33 | F90: -1 | H90: 2 | J90: 1 | K90: 1 | L90: 8 | M90: 3 | N90: SS14-like | AQ90: 513 | BA90: 512 | BD90: 422 | BO90: 390
A91: 599 | B91: CW35 | F91: -1 | H91: 7 | I91: 9 | J91: 9 | K91: 7 | L91: 3 | M91: 26 | N91: Nichols-like | O91: 10110 | Q91: 525 | R91: 552 | S91: 466 | T91: 420 | U91: 527 | V91: 462 | W91: 517 | X91: 455 | Y91: 474 | Z91: 496 | AA91: 482 | AB91: 434 | AC91: 469 | AD91: 497 | AE91: 427 | AF91: 416 | AG91: 440 | AI91: 360 | AJ91: 593 | AK91: 513 | AL91: 482 | AM91: 546 | AN91: 4257 | AO91: 519 | AP91: 478 | AQ91: 513 | AR91: 544 | AS91: 491 | AT91: 478 | AU91: 425 | AV91: 434 | AW91: 471 | AX91: 443 | AY91: 479 | AZ91: 498 | BA91: 512 | BB91: 457 | BC91: 494 | BD91: 422 | BE91: 493 | BF91: 488 | BG91: 470 | BH91: 4472 | BI91: 384 | BJ91: 431 | BK91: 458 | BL91: 429 | BM91: 430 | BN91: 400 | BO91: 390
A92: 806 | B92: X-4 | C92: SAMN11812273 | F92: -1 | G92: 2 | H92: 12 | I92: 2 | J92: 1 | K92: 57 | L92: 8 | M92: 78 | N92: SS14-like | O92: 10110 | P92: 585 | Q92: 525 | R92: 552 | S92: 466 | T92: 420 | U92: 527 | V92: 462 | W92: 517 | X92: 455 | Y92: 474 | Z92: 496 | AA92: 482 | AB92: 434 | AC92: 469 | AD92: 497 | AE92: 427 | AF92: 416 | AG92: 440 | AH92: 407 | AI92: 360 | AJ92: 593 | AK92: 513 | AL92: 482 | AM92: 546 | AN92: 4257 | AO92: 519 | AP92: 478 | AQ92: 513 | AR92: 544 | AS92: 491 | AT92: 478 | AU92: 425 | AV92: 434 | AW92: 471 | AX92: 443 | AY92: 479 | AZ92: 498 | BA92: 512 | BB92: 457 | BC92: 494 | BD92: 422 | BE92: 493 | BF92: 488 | BG92: 470 | BH92: 4472 | BI92: 384 | BJ92: 431 | BK92: 458 | BL92: 429 | BM92: 430 | BN92: 400 | BO92: 390 | BP92: 171492 | BQ92: Treponema | BR92: Treponema pallidum
A93: 1063 | B93: Bosnia A | F93: -1 | G93: 9 | H93: 11 | I93: 1 | L93: 10 | O93: 10110 | P93: 585 | Q93: 525 | R93: 17232 | S93: 466 | T93: 420 | U93: 527 | V93: 462 | W93: 2134 | X93: 1833 | Y93: 474 | Z93: 1994 | AA93: 482 | AB93: 434 | AC93: 469 | AD93: 497 | AE93: 427 | AF93: 12212 | AG93: 440 | AH93: 407 | AI93: 360 | AJ93: 593 | AK93: 513 | AL93: 482 | AM93: 2457 | AN93: 4257 | AO93: 519 | AP93: 478 | AQ93: 2407 | AR93: 544 | AS93: 491 | AT93: 478 | AU93: 425 | AV93: 2111 | AW93: 471 | AX93: 443 | AY93: 1827 | AZ93: 498 | BA93: 512 | BB93: 457 | BC93: 494 | BD93: 422 | BE93: 493 | BF93: 488 | BG93: 470 | BH93: 4473 | BI93: 1252 | BJ93: 431 | BK93: 458 | BL93: 429 | BM93: 430 | BN93: 1583 | BO93: 390 | BP93: 116916 | BQ93: Treponema | BR93: Treponema pallidum
A94: 1064 | B94: Iraq B | F94: -1 | G94: 9 | H94: 13 | I94: 1 | L94: 10 | O94: 10110 | P94: 585 | Q94: 525 | R94: 17232 | S94: 466 | T94: 420 | U94: 527 | V94: 462 | W94: 2134 | X94: 1833 | Y94: 474 | Z94: 1994 | AA94: 482 | AB94: 434 | AC94: 469 | AD94: 497 | AE94: 427 | AF94: 12212 | AG94: 440 | AH94: 407 | AI94: 360 | AJ94: 593 | AK94: 513 | AL94: 482 | AM94: 2457 | AN94: 4257 | AO94: 519 | AP94: 478 | AQ94: 2407 | AR94: 544 | AS94: 491 | AT94: 478 | AU94: 425 | AV94: 2111 | AW94: 471 | AX94: 443 | AY94: 1827 | AZ94: 498 | BA94: 512 | BB94: 457 | BC94: 494 | BD94: 422 | BE94: 493 | BF94: 488 | BG94: 470 | BH94: 4473 | BI94: 1252 | BJ94: 431 | BK94: 458 | BL94: 429 | BM94: 430 | BN94: 1583 | BO94: 390 | BP94: 116916 | BQ94: Treponema | BR94: Treponema pallidum
A95: 1065 | B95: CDC2 | C95: SAMN02603003 | F95: 100 | G95: 11 | H95: 14 | I95: 1 | L95: 10 | O95: 10110 | P95: 585 | Q95: 525 | R95: 552 | S95: 466 | T95: 420 | U95: 527 | V95: 462 | W95: 2134 | X95: 1833 | Y95: 474 | Z95: 1994 | AA95: 482 | AB95: 434 | AC95: 469 | AD95: 497 | AE95: 1708 | AF95: 416 | AG95: 440 | AH95: 407 | AI95: 360 | AJ95: 593 | AK95: 513 | AL95: 482 | AM95: 2457 | AN95: 4257 | AO95: 519 | AP95: 478 | AQ95: 2407 | AR95: 544 | AS95: 491 | AT95: 478 | AU95: 425 | AV95: 2111 | AW95: 3922 | AX95: 443 | AY95: 1827 | AZ95: 498 | BA95: 512 | BB95: 457 | BC95: 2041 | BD95: 422 | BE95: 493 | BF95: 488 | BG95: 470 | BH95: 4473 | BI95: 1252 | BJ95: 431 | BK95: 458 | BL95: 429 | BM95: 430 | BN95: 1583 | BO95: 390 | BP95: 49886 | BQ95: Treponema | BR95: Treponema pallidum
A96: 1066 | B96: SamoaD | C96: SAMN00000317 | F96: -1 | H96: 15 | I96: 1 | L96: 10 | O96: 10110 | P96: 585 | Q96: 525 | R96: 552 | S96: 466 | T96: 420 | U96: 527 | V96: 462 | W96: 2134 | X96: 1833 | Y96: 474 | Z96: 1994 | AA96: 482 | AB96: 434 | AC96: 469 | AD96: 497 | AE96: 1708 | AF96: 416 | AG96: 440 | AH96: 407 | AI96: 360 | AJ96: 593 | AK96: 513 | AL96: 2454 | AM96: 2457 | AN96: 4257 | AO96: 519 | AP96: 478 | AQ96: 2407 | AR96: 544 | AS96: 491 | AT96: 478 | AU96: 425 | AV96: 2111 | AW96: 471 | AX96: 443 | AY96: 1827 | AZ96: 498 | BA96: 512 | BB96: 457 | BC96: 2041 | BD96: 422 | BE96: 493 | BF96: 488 | BG96: 470 | BH96: 4473 | BI96: 1252 | BJ96: 431 | BK96: 458 | BL96: 429 | BM96: 430 | BN96: 1583 | BO96: 390 | BP96: 49888 | BQ96: Treponema | BR96: Treponema pallidum
A97: 1067 | B97: Gauthier | C97: SAMN02603004 | F97: -1 | H97: 16 | I97: 1 | L97: 10 | O97: 10110 | P97: 585 | Q97: 525 | R97: 552 | S97: 466 | T97: 420 | U97: 527 | V97: 462 | W97: 2134 | X97: 1833 | Y97: 474 | Z97: 1994 | AA97: 482 | AB97: 434 | AC97: 469 | AD97: 497 | AE97: 1708 | AF97: 416 | AG97: 440 | AH97: 407 | AI97: 360 | AJ97: 593 | AK97: 513 | AL97: 482 | AM97: 2457 | AN97: 4257 | AO97: 519 | AP97: 478 | AQ97: 2407 | AR97: 544 | AS97: 491 | AT97: 478 | AU97: 425 | AV97: 2111 | AW97: 471 | AX97: 443 | AY97: 1827 | AZ97: 498 | BA97: 512 | BB97: 457 | BC97: 2041 | BD97: 422 | BE97: 493 | BF97: 488 | BG97: 1643 | BH97: 4473 | BI97: 1252 | BJ97: 431 | BK97: 458 | BL97: 429 | BM97: 430 | BN97: 1583 | BO97: 390 | BP97: 49887 | BQ97: Treponema | BR97: Treponema pallidum
A98: 1068 | B98: CDC2575 | C98: SAMN06480828 | F98: -1 | G98: 10 | H98: 17 | I98: 1 | L98: 10 | O98: 10110 | P98: 585 | Q98: 525 | R98: 552 | S98: 466 | T98: 420 | U98: 527 | V98: 462 | W98: 2134 | X98: 1833 | Y98: 474 | Z98: 1994 | AA98: 482 | AB98: 434 | AC98: 469 | AD98: 497 | AE98: 1708 | AF98: 416 | AG98: 440 | AH98: 407 | AI98: 360 | AJ98: 593 | AK98: 513 | AL98: 482 | AM98: 2457 | AN98: 4257 | AO98: 519 | AP98: 23566 | AQ98: 2407 | AR98: 544 | AS98: 491 | AT98: 478 | AU98: 425 | AV98: 2111 | AW98: 471 | AX98: 443 | AY98: 1827 | AZ98: 498 | BA98: 512 | BB98: 457 | BC98: 2041 | BD98: 422 | BE98: 493 | BF98: 488 | BG98: 470 | BH98: 4473 | BI98: 1252 | BJ98: 431 | BK98: 458 | BL98: 429 | BM98: 430 | BN98: 1583 | BO98: 390 | BP98: 78213 | BQ98: Treponema | BR98: Treponema pallidum
A99: 1069 | B99: Ghana-051 | C99: SAMN06480792 | F99: -1 | G99: 10 | H99: 17 | I99: 1 | L99: 10 | O99: 10110 | P99: 585 | Q99: 525 | R99: 552 | S99: 466 | T99: 420 | U99: 527 | V99: 462 | W99: 2134 | X99: 1833 | Y99: 474 | Z99: 1994 | AA99: 482 | AB99: 434 | AC99: 469 | AD99: 497 | AE99: 1708 | AF99: 416 | AG99: 440 | AH99: 407 | AI99: 360 | AJ99: 593 | AK99: 513 | AL99: 482 | AM99: 2457 | AN99: 4257 | AO99: 519 | AP99: 23566 | AQ99: 2407 | AR99: 544 | AS99: 491 | AT99: 478 | AU99: 425 | AV99: 2111 | AW99: 471 | AX99: 443 | AY99: 1827 | AZ99: 498 | BA99: 512 | BB99: 457 | BC99: 2041 | BD99: 422 | BE99: 493 | BF99: 488 | BG99: 470 | BH99: 4473 | BI99: 1252 | BJ99: 431 | BK99: 458 | BL99: 429 | BM99: 430 | BN99: 1583 | BO99: 390 | BP99: 78213 | BQ99: Treponema | BR99: Treponema pallidum
A100: 1070 | B100: Fribourg-Blanc | C100: SAMN03081442 | F100: 100 | G100: 11 | H100: 51 | I100: 1 | L100: 10 | O100: 10110 | P100: 585 | Q100: 525 | R100: 552 | S100: 466 | T100: 420 | U100: 527 | V100: 462 | W100: 2134 | X100: 1833 | Y100: 474 | Z100: 1994 | AA100: 482 | AB100: 434 | AC100: 469 | AD100: 497 | AE100: 1708 | AF100: 416 | AG100: 440 | AH100: 407 | AI100: 360 | AJ100: 593 | AK100: 513 | AL100: 482 | AM100: 2457 | AN100: 4257 | AO100: 519 | AP100: 478 | AQ100: 2407 | AR100: 544 | AS100: 491 | AT100: 478 | AU100: 425 | AV100: 2111 | AW100: 471 | AX100: 443 | AY100: 1827 | AZ100: 498 | BA100: 512 | BB100: 457 | BC100: 2041 | BD100: 422 | BE100: 3763 | BF100: 488 | BG100: 470 | BH100: 4473 | BI100: 1252 | BJ100: 431 | BK100: 458 | BL100: 429 | BM100: 430 | BN100: 1583 | BO100: 390 | BP100: 49889 | BQ100: Treponema | BR100: Treponema pallidum
A101: 1071 | B101: Kampung Dalan K363 | C101: SAMN07709919 | F101: -1 | G101: 12 | H101: 18 | I101: 6 | L101: 10 | O101: 10110 | P101: 585 | Q101: 525 | R101: 552 | S101: 466 | T101: 420 | U101: 527 | V101: 462 | W101: 2134 | X101: 1833 | Y101: 474 | Z101: 1994 | AA101: 482 | AB101: 434 | AC101: 469 | AD101: 497 | AE101: 1708 | AF101: 416 | AG101: 440 | AH101: 407 | AI101: 360 | AJ101: 593 | AK101: 513 | AL101: 482 | AM101: 2457 | AN101: 4257 | AO101: 519 | AP101: 478 | AQ101: 2407 | AR101: 544 | AS101: 491 | AT101: 478 | AU101: 425 | AV101: 2111 | AW101: 471 | AX101: 443 | AY101: 1827 | AZ101: 498 | BA101: 512 | BB101: 457 | BC101: 2041 | BD101: 422 | BE101: 493 | BF101: 488 | BG101: 470 | BH101: 4473 | BI101: 1252 | BJ101: 431 | BK101: 458 | BL101: 429 | BM101: 430 | BN101: 1583 | BO101: 390 | BP101: 99450 | BQ101: Treponema | BR101: Treponema pallidum
A102: 1072 | B102: Sei Geringging K403 | C102: SAMN07709936 | F102: -1 | G102: 13 | H102: 19 | I102: 6 | L102: 10 | O102: 10110 | P102: 585 | Q102: 525 | R102: 552 | S102: 466 | T102: 420 | U102: 527 | V102: 462 | W102: 2134 | X102: 1833 | Y102: 474 | Z102: 1994 | AA102: 482 | AB102: 434 | AC102: 469 | AD102: 497 | AE102: 1708 | AF102: 416 | AG102: 440 | AH102: 407 | AI102: 360 | AJ102: 593 | AK102: 513 | AL102: 482 | AM102: 2457 | AN102: 4257 | AO102: 519 | AP102: 478 | AQ102: 2407 | AR102: 544 | AS102: 491 | AT102: 478 | AU102: 425 | AV102: 2111 | AW102: 471 | AX102: 443 | AY102: 1827 | AZ102: 498 | BA102: 512 | BB102: 457 | BC102: 2041 | BD102: 422 | BE102: 493 | BF102: 488 | BG102: 470 | BH102: 4473 | BI102: 1252 | BJ102: 431 | BK102: 458 | BL102: 429 | BM102: 430 | BN102: 1583 | BO102: 390 | BP102: 99450 | BQ102: Treponema | BR102: Treponema pallidum
A103: 1073 | B103: LMNP-1 | C103: SAMN06841355 | F103: -1 | G103: 14 | H103: 20 | I103: 1 | L103: 10 | O103: 10110 | P103: 585 | Q103: 525 | R103: 552 | S103: 466 | T103: 420 | U103: 527 | V103: 462 | W103: 2134 | X103: 1833 | Y103: 474 | Z103: 1994 | AA103: 482 | AB103: 434 | AC103: 469 | AD103: 497 | AE103: 1708 | AF103: 416 | AG103: 440 | AH103: 407 | AI103: 16930 | AJ103: 593 | AK103: 513 | AL103: 482 | AM103: 2457 | AN103: 4257 | AO103: 519 | AP103: 478 | AQ103: 2407 | AR103: 544 | AS103: 491 | AT103: 478 | AU103: 425 | AV103: 2111 | AW103: 471 | AX103: 443 | AY103: 1827 | AZ103: 498 | BA103: 512 | BB103: 457 | BC103: 2041 | BD103: 422 | BE103: 493 | BF103: 488 | BG103: 470 | BH103: 4473 | BI103: 1252 | BJ103: 431 | BK103: 458 | BL103: 429 | BM103: 430 | BN103: 1583 | BO103: 390 | BP103: 80458 | BQ103: Treponema | BR103: Treponema pallidum
A104: 1074 | B104: A10 | C104: SAMN05828400 | E104: SRR4308606 | F104: 100 | H104: 52 | I104: 1 | L104: 10 | O104: 10110 | P104: 585 | Q104: 525 | R104: 552 | S104: 466 | T104: 420 | U104: 527 | V104: 462 | W104: 2134 | X104: 1833 | Y104: 474 | Z104: 1994 | AA104: 482 | AB104: 434 | AC104: 469 | AD104: 497 | AE104: 1708 | AF104: 416 | AG104: 440 | AH104: 407 | AI104: 360 | AJ104: 58173 | AK104: 513 | AL104: 482 | AM104: 2457 | AN104: 4257 | AO104: 519 | AP104: 478 | AQ104: 2407 | AR104: 544 | AS104: 491 | AT104: 478 | AU104: 425 | AV104: 2111 | AW104: 471 | AX104: 443 | AY104: 1827 | AZ104: 498 | BA104: 512 | BB104: 457 | BC104: 2041 | BD104: 422 | BE104: 493 | BF104: 488 | BG104: 470 | BH104: 4473 | BI104: 1252 | BJ104: 431 | BK104: 458 | BL104: 429 | BM104: 430 | BN104: 1583 | BO104: 390 | BP104: 148872 | BQ104: Treponema | BR104: Treponema pallidum
A105: 1075 | B105: A12 | C105: SAMN05828401 | E105: SRR4308607 | F105: 100 | G105: 36 | H105: 52 | I105: 1 | L105: 10 | O105: 10110 | P105: 585 | Q105: 525 | R105: 552 | S105: 466 | T105: 420 | U105: 527 | V105: 462 | W105: 2134 | Y105: 474 | Z105: 1994 | AA105: 482 | AB105: 434 | AC105: 469 | AD105: 497 | AE105: 1708 | AF105: 416 | AG105: 440 | AH105: 407 | AI105: 360 | AJ105: 58173 | AK105: 513 | AM105: 2457 | AN105: 4257 | AO105: 519 | AP105: 478 | AQ105: 2407 | AR105: 544 | AS105: 491 | AT105: 478 | AU105: 425 | AV105: 2111 | AW105: 471 | AX105: 443 | AY105: 1827 | AZ105: 498 | BA105: 512 | BB105: 457 | BC105: 2041 | BD105: 422 | BE105: 493 | BF105: 488 | BG105: 470 | BH105: 4473 | BI105: 1252 | BJ105: 431 | BK105: 458 | BL105: 429 | BM105: 430 | BN105: 1583 | BO105: 390
A106: 1076 | B106: BNK07 | C106: SAMEA104653695 | F106: 100 | G106: 11 | H106: 53 | I106: 1 | L106: 10 | O106: 10110 | P106: 585 | Q106: 525 | R106: 552 | S106: 466 | T106: 420 | U106: 527 | V106: 462 | W106: 2134 | X106: 1833 | Y106: 474 | Z106: 1994 | AA106: 482 | AB106: 434 | AC106: 469 | AD106: 497 | AE106: 1708 | AF106: 416 | AG106: 440 | AH106: 407 | AI106: 360 | AJ106: 593 | AK106: 513 | AL106: 482 | AM106: 2457 | AN106: 4257 | AO106: 519 | AP106: 478 | AQ106: 2407 | AR106: 544 | AS106: 491 | AT106: 478 | AU106: 425 | AV106: 2111 | AW106: 471 | AX106: 443 | AY106: 1827 | AZ106: 498 | BA106: 512 | BB106: 457 | BC106: 2041 | BD106: 422 | BE106: 493 | BF106: 488 | BG106: 470 | BH106: 4473 | BI106: 1252 | BJ106: 431 | BK106: 458 | BL106: 429 | BM106: 430 | BN106: 1583 | BO106: 390 | BP106: 99450 | BQ106: Treponema | BR106: Treponema pallidum
A107: 1077 | B107: SNK05 | C107: SAMEA104653696 | F107: -1 | H107: 50 | L107: 10 | O107: 10110 | Q107: 525 | R107: 552 | S107: 466 | T107: 420 | U107: 527 | V107: 462 | W107: 2134 | X107: 1833 | Y107: 474 | Z107: 1994 | AA107: 482 | AB107: 434 | AC107: 469 | AD107: 497 | AE107: 1708 | AF107: 416 | AG107: 440 | AH107: 407 | AJ107: 593 | AK107: 513 | AL107: 482 | AM107: 50763 | AN107: 4257 | AO107: 519 | AP107: 478 | AQ107: 2407 | AS107: 491 | AT107: 478 | AU107: 425 | AV107: 48354 | AW107: 471 | AX107: 443 | AY107: 1827 | AZ107: 498 | BA107: 512 | BB107: 457 | BC107: 2041 | BD107: 422 | BE107: 493 | BF107: 488 | BG107: 470 | BH107: 4473 | BI107: 1252 | BJ107: 431 | BK107: 458 | BL107: 429 | BM107: 430 | BN107: 1583 | BO107: 390
A108: 1078 | B108: R2-10690 | C108: SAMEA5159621 | F108: -1 | H108: 21 | L108: 10 | P108: 585 | Q108: 525 | S108: 466 | T108: 420 | U108: 527 | V108: 462 | W108: 2134 | X108: 1833 | Y108: 474 | Z108: 1994 | AA108: 482 | AB108: 434 | AC108: 469 | AD108: 497 | AE108: 1708 | AF108: 416 | AG108: 440 | AH108: 407 | AI108: 360 | AJ108: 593 | AK108: 513 | AL108: 482 | AM108: 2457 | AN108: 4257 | AO108: 519 | AQ108: 2407 | AR108: 544 | AS108: 491 | AT108: 478 | AU108: 425 | AV108: 2111 | AW108: 471 | AY108: 1827 | AZ108: 498 | BA108: 512 | BB108: 45211 | BC108: 2041 | BD108: 422 | BE108: 493 | BF108: 488 | BG108: 470 | BH108: 4473 | BI108: 1252 | BJ108: 431 | BK108: 458 | BL108: 429 | BM108: 430 | BN108: 1583 | BO108: 390
A109: 1079 | B109: R2-64919 | C109: SAMEA5159628 | F109: -1 | H109: 21 | I109: 1 | L109: 10 | O109: 10110 | P109: 585 | Q109: 525 | R109: 552 | S109: 466 | T109: 420 | U109: 527 | V109: 462 | W109: 2134 | X109: 1833 | Y109: 474 | Z109: 1994 | AA109: 482 | AB109: 434 | AC109: 469 | AD109: 497 | AE109: 1708 | AF109: 416 | AG109: 440 | AH109: 407 | AI109: 360 | AJ109: 593 | AK109: 513 | AL109: 482 | AM109: 2457 | AN109: 4257 | AO109: 519 | AP109: 478 | AQ109: 2407 | AR109: 544 | AS109: 491 | AT109: 478 | AU109: 425 | AV109: 2111 | AW109: 471 | AX109: 443 | AY109: 1827 | AZ109: 498 | BA109: 512 | BB109: 457 | BC109: 2041 | BD109: 422 | BE109: 493 | BF109: 488 | BG109: 470 | BH109: 4473 | BI109: 1252 | BJ109: 431 | BK109: 458 | BL109: 429 | BM109: 430 | BN109: 1583 | BO109: 390 | BP109: 99450 | BQ109: Treponema | BR109: Treponema pallidum
A110: 1080 | B110: R3-SAL-007 | C110: SAMEA5159627 | F110: -1 | G110: 15 | H110: 22 | I110: 1 | L110: 10 | O110: 10110 | P110: 585 | Q110: 525 | R110: 552 | S110: 466 | T110: 420 | U110: 527 | V110: 462 | W110: 54375 | X110: 1833 | Y110: 474 | Z110: 1994 | AA110: 482 | AB110: 434 | AC110: 469 | AD110: 497 | AE110: 1708 | AF110: 416 | AG110: 440 | AH110: 407 | AI110: 360 | AJ110: 593 | AK110: 513 | AL110: 482 | AM110: 2457 | AN110: 4257 | AO110: 519 | AP110: 478 | AQ110: 2407 | AR110: 544 | AS110: 491 | AT110: 478 | AU110: 425 | AV110: 2111 | AW110: 471 | AX110: 443 | AY110: 1827 | AZ110: 49005 | BA110: 512 | BB110: 457 | BC110: 2041 | BD110: 422 | BE110: 493 | BF110: 488 | BG110: 470 | BH110: 4473 | BI110: 1252 | BJ110: 431 | BK110: 458 | BL110: 429 | BM110: 430 | BN110: 1583 | BO110: 390 | BP110: 153096 | BQ110: Treponema | BR110: Treponema pallidum
A111: 1081 | B111: R7-KUN2-001 | C111: SAMEA5159620 | F111: -1 | I111: 1 | L111: 10 | S111: 466 | T111: 420 | U111: 527 | V111: 462 | W111: 2134 | X111: 1833 | Y111: 474 | Z111: 1994 | AA111: 482 | AB111: 434 | AC111: 469 | AD111: 497 | AE111: 1708 | AF111: 416 | AG111: 440 | AH111: 407 | AI111: 360 | AJ111: 593 | AK111: 513 | AL111: 482 | AM111: 2457 | AN111: 4257 | AO111: 519 | AP111: 478 | AR111: 544 | AS111: 491 | AT111: 478 | AU111: 425 | AV111: 2111 | AW111: 471 | AX111: 443 | AY111: 1827 | AZ111: 498 | BA111: 512 | BB111: 457 | BC111: 2041 | BD111: 422 | BE111: 493 | BF111: 488 | BG111: 470 | BH111: 4473 | BI111: 1252 | BJ111: 431 | BK111: 458 | BL111: 429 | BM111: 430 | BN111: 1583 | BO111: 390
A112: 1082 | B112: R7-PUT1-002 | C112: SAMEA5159600 | F112: -1 | I112: 1 | L112: 10 | O112: 10110 | P112: 585 | Q112: 525 | R112: 552 | S112: 466 | T112: 420 | U112: 527 | V112: 462 | W112: 2134 | X112: 1833 | Y112: 474 | Z112: 1994 | AA112: 482 | AB112: 434 | AC112: 469 | AD112: 497 | AE112: 1708 | AF112: 416 | AG112: 440 | AH112: 407 | AI112: 360 | AJ112: 593 | AM112: 2457 | AN112: 4257 | AO112: 519 | AP112: 478 | AQ112: 2407 | AR112: 544 | AS112: 491 | AT112: 478 | AU112: 425 | AV112: 2111 | AW112: 471 | AX112: 443 | AY112: 1827 | AZ112: 498 | BA112: 512 | BB112: 457 | BC112: 2041 | BD112: 422 | BE112: 493 | BF112: 488 | BG112: 470 | BH112: 4473 | BI112: 1252 | BJ112: 431 | BK112: 458 | BL112: 429 | BM112: 430 | BN112: 1583 | BO112: 390
A113: 1083 | B113: R8-KOS-07 | C113: SAMEA5159599 | F113: -1 | H113: 21 | O113: 10110 | P113: 585 | Q113: 525 | R113: 552 | S113: 466 | T113: 420 | U113: 527 | V113: 462 | W113: 2134 | X113: 1833 | Y113: 474 | Z113: 1994 | AA113: 482 | AB113: 434 | AC113: 469 | AD113: 497 | AE113: 1708 | AF113: 416 | AG113: 440 | AH113: 407 | AI113: 360 | AJ113: 593 | AK113: 513 | AL113: 482 | AM113: 2457 | AN113: 4257 | AO113: 519 | AP113: 478 | AQ113: 2407 | AR113: 544 | AS113: 491 | AT113: 478 | AU113: 425 | AV113: 2111 | AW113: 471 | AX113: 443 | AY113: 1827 | AZ113: 498 | BA113: 512 | BB113: 457 | BC113: 2041 | BD113: 422 | BE113: 493 | BF113: 488 | BG113: 470 | BH113: 4473 | BI113: 1252 | BJ113: 431 | BK113: 458 | BL113: 429 | BM113: 430 | BN113: 1583 | BO113: 390 | BP113: 99450 | BQ113: Treponema | BR113: Treponema pallidum
A114: 1084 | B114: UW-148B | C114: SAMN11476981 | F114: -1 | H114: 2 | I114: 3 | J114: 22 | K114: 1 | L114: 1 | O114: 10110 | P114: 585 | Q114: 525 | R114: 552 | S114: 466 | T114: 420 | U114: 527 | V114: 462 | W114: 517 | X114: 455 | Y114: 474 | Z114: 496 | AA114: 482 | AB114: 434 | AC114: 469 | AD114: 497 | AE114: 427 | AF114: 416 | AG114: 440 | AH114: 407 | AI114: 360 | AJ114: 593 | AK114: 513 | AL114: 482 | AM114: 546 | AN114: 4257 | AO114: 519 | AP114: 478 | AQ114: 513 | AR114: 544 | AS114: 491 | AT114: 478 | AU114: 425 | AV114: 434 | AW114: 471 | AX114: 443 | AY114: 479 | AZ114: 498 | BA114: 512 | BB114: 457 | BC114: 494 | BD114: 422 | BE114: 493 | BF114: 488 | BG114: 470 | BH114: 4472 | BI114: 384 | BJ114: 431 | BK114: 458 | BL114: 429 | BM114: 430 | BN114: 400 | BO114: 390 | BP114: 171492 | BQ114: Treponema | BR114: Treponema pallidum
A115: 1085 | B115: UW-148B2 | C115: SAMN11476982 | F115: -1 | G115: 2 | H115: 4 | I115: 3 | J115: 1 | K115: 3 | L115: 1 | M115: 1 | N115: SS14-like | O115: 10110 | P115: 585 | Q115: 525 | R115: 552 | S115: 466 | T115: 420 | U115: 527 | V115: 462 | W115: 517 | X115: 455 | Y115: 474 | Z115: 496 | AA115: 482 | AB115: 434 | AC115: 469 | AD115: 497 | AE115: 427 | AF115: 416 | AG115: 440 | AH115: 407 | AI115: 360 | AJ115: 593 | AK115: 513 | AL115: 482 | AM115: 546 | AN115: 4257 | AO115: 519 | AP115: 478 | AQ115: 513 | AR115: 544 | AS115: 491 | AT115: 478 | AU115: 425 | AV115: 434 | AW115: 471 | AX115: 443 | AY115: 479 | AZ115: 498 | BA115: 512 | BB115: 457 | BC115: 494 | BD115: 422 | BE115: 493 | BF115: 488 | BG115: 470 | BH115: 4472 | BI115: 384 | BJ115: 431 | BK115: 458 | BL115: 429 | BM115: 430 | BN115: 400 | BO115: 390 | BP115: 171492 | BQ115: Treponema | BR115: Treponema pallidum
A116: 1086 | B116: Haiti B | C116: SAMN07780978 | F116: 12 | G116: 6 | H116: 23 | I116: 1 | J116: 9 | K116: 83 | L116: 10 | O116: 10110 | P116: 585 | Q116: 525 | R116: 552 | S116: 466 | T116: 420 | U116: 527 | V116: 462 | W116: 517 | X116: 455 | Y116: 474 | Z116: 496 | AA116: 482 | AB116: 434 | AC116: 469 | AD116: 497 | AE116: 427 | AF116: 416 | AG116: 440 | AH116: 407 | AI116: 360 | AJ116: 593 | AK116: 513 | AL116: 482 | AM116: 546 | AN116: 4257 | AO116: 519 | AP116: 478 | AQ116: 513 | AR116: 544 | AS116: 491 | AT116: 478 | AU116: 425 | AV116: 434 | AW116: 471 | AX116: 443 | AY116: 479 | AZ116: 498 | BA116: 512 | BB116: 457 | BC116: 494 | BD116: 422 | BE116: 493 | BF116: 488 | BG116: 470 | BH116: 4472 | BI116: 384 | BJ116: 431 | BK116: 458 | BL116: 429 | BM116: 430 | BN116: 400 | BO116: 390 | BP116: 171492 | BQ116: Treponema | BR116: Treponema pallidum
...

Sheet simplified
A1: isolate | B1: run_accession | C1: TP0136 | D1: TP0548 | E1: TP0705 | F1: ST (MLST (Grillová))
A2: SHC_0 | C2: 1 | D2: 1 | E2: 8 | F2: 3
A3: SHD_R | C3: 1 | D3: 1 | E3: 8 | F3: 3
A4: SHE_V | C4: 1 | D4: 1 | E4: 8 | F4: 3
A5: SGF_12 | C5: 1 | D5: 1 | E5: 8 | F5: 3
A6: B3 | C6: 1 | D6: 1 | E6: 8 | F6: 3
A7: C3 | C7: 1 | E7: 8
A8: K3 | C8: 1 | D8: 1 | E8: 8 | F8: 3
A9: Q3 | C9: 1 | D9: 1 | E9: 8 | F9: 3
A10: PT_SIF1348 | C10: 1 | D10: 3 | E10: 1 | F10: 1
A11: PT_SIF1127 | C11: 1 | D11: 3 | E11: 1 | F11: 1
A12: PT_SIF1135 | C12: 1 | D12: 1 | E12: 1 | F12: 2
A13: PT_SIF1140 | C13: 1 | D13: 3 | E13: 1 | F13: 1
A14: PT_SIF1142 | C14: 1 | D14: 3 | E14: 1 | F14: 1
A15: PT_SIF1156 | C15: 1 | D15: 1 | E15: 1 | F15: 2
A16: PT_SIF1167 | C16: 1 | D16: 1 | E16: 1 | F16: 2
A17: PT_SIF1183 | C17: 1 | D17: 1 | E17: 1 | F17: 2
A18: PT_SIF1196 | C18: 7 | D18: 1 | E18: 9 | F18: 4
A19: PT_SIF1200 | C19: 1 | D19: 3 | E19: 1 | F19: 1
... A42: UZ1974 | C42: 1 | D42: 26 | E42: 1 | F42: 25
A43: ARG2
A44: AU15
A45: AU16
A46: AU17
A47: CZ27 | C47: 1 | D47: 1 | E47: 8 | F47: 3
A48: Grady | C48: 1 | D48: 1 | E48: 1 | F48: 2
A49: NE12
A50: NE15
A51: NE17
A52: NE19
A53: SW1
A54: SW4
A55: SW6
A56: SW8
A57: UW249B
A58: BAL3
A59: BAL73
A60: NE20 | C60: 9 | D60: 7
A61: SEA86-1
A62: Chicago-population | D62: 14 | E62: 10
A63: CDC-A | D63: 14 | E63: 10
A64: Nichols-Seattle | C64: 11 | D64: 14 | E64: 10 | F64: 22
A65: Houston_cloneE | C65: 10 | D65: 14 | E65: 10 | F65: 20
A66: Houston_cloneJ | D66: 14 | E66: 10
A67: UW074B | C67: 1 | D67: 3 | E67: 1 | F67: 1
A68: UW189B | C68: 9 | D68: 7 | E68: 3 | F68: 26
A69: UW228B | C69: 1 | D69: 1 | E69: 3 | F69: 11
A70: UW254B | C70: 1 | D70: 1 | E70: 3 | F70: 11
A71: UW391B | C71: 1 | D71: 1 | E71: 9 | F71: 27
A72: Phi1 | C72: 1 | D72: 1 | E72: 1 | F72: 2
A73: CW30 | C73: 1 | D73: 3 | E73: 1 | F73: 1
A74: CW84 | C74: 1 | D74: 3 | E74: 1 | F74: 1
A75: CW85 | C75: 1 | D75: 3 | E75: 1 | F75: 1
A76: CW87 | C76: 1 | D76: 23 | E76: 1 | F76: 35
A77: CW88 | C77: 1 | D77: 3 | E77: 1 | F77: 1
A78: CW56 | C78: 1 | D78: 3 | E78: 1 | F78: 1
... A92: X-4 | C92: 1 | D92: 57 | E92: 8 | F92: 78
A93: Bosnia A | E93: 10
A94: Iraq B | E94: 10
A95: CDC2 | E95: 10
A96: SamoaD | E96: 10
A97: Gauthier | E97: 10
A98: CDC2575 | E98: 10
A99: Ghana-051 | E99: 10
A100: Fribourg-Blanc | E100: 10
A101: Kampung Dalan K363 | E101: 10
A102: Sei Geringging K403 | E102: 10
A103: LMNP-1 | E103: 10
A104: A10 | B104: SRR4308606 | E104: 10
A105: A12 | B105: SRR4308607 | E105: 10
A106: BNK07 | E106: 10
A107: SNK05 | E107: 10
A108: R2-10690 | E108: 10
A109: R2-64919 | E109: 10
A110: R3-SAL-007 | E110: 10
A111: R7-KUN2-001 | E111: 10
A112: R7-PUT1-002 | E112: 10
A113: R8-KOS-07
A114: UW-148B | C114: 22 | D114: 1 | E114: 1
A115: UW-148B2 | C115: 1 | D115: 3 | E115: 1 | F115: 1
A116: Haiti B | C116: 9 | D116: 83 | E116: 10
A117: SMUTp_01 | C117: 1 | D117: 1 | E117: 1 | F117: 2
A118: SMUTp_02 | C118: 1 | D118: 1 | E118: 1 | F118: 2
A119: SMUTp_04 | C119: 1 | D119: 1 | E119: 8 | F119: 3
A120: SMUTp_07 | D120: 2 | E120: 3
A121: SMUTp_08 | C121: 1 | D121: 1 | E121: 1 | F121: 2
A122: SMUTp_09 | C122: 1
A123: Tube7Lihire | E123: 10
A124: Japan320e | E124: 9
A125: Japan322e | E125: 9
A126: Japan326e | E126: 9
A127: Japan346e | E127: 9
A128: China11 | C128: 1 | D128: 1 | E128: 8 | F128: 3
A129: China23 | C129: 1 | E129: 8
A130: China30 | C130: 1 | D130: 1 | E130: 8 | F130: 3
A131: China31 | C131: 1 | D131: 1 | E131: 8 | F131: 3
A132: China42 | C132: 1 | D132: 1 | E132: 8 | F132: 3
A133: China44 | C133: 1 | D133: 1 | E133: 8 | F133: 3
A134: China47 | C134: 1 | D134: 1 | E134: 8 | F134: 3
A135: China48 | C135: 1 | D135: 1 | E135: 8 | F135: 3
...

Sheet matching
A1: Sample_Name | B1: SRR/ENA_Accession | C1: isolate | D1: run_accession | E1: TP0136 | F1: TP0548 | G1: TP0705 | H1: ST (MLST (Grillová))
A2: 17A003MM | B2: DRR213714 | C2: =VLOOKUP($A2,simplified!$A:$F,1,FALSE) -> 17A003MM | D2: =VLOOKUP($A2,simplified!$A:$F,2,FALSE) -> DRR213714 | E2: =VLOOKUP($A2,simplified!$A:$F,3,FALSE) -> 0 | F2: =VLOOKUP($A2,simplified!$A:$F,4,FALSE) -> 2 | G2: =VLOOKUP($A2,simplified!$A:$F,5,FALSE) -> 3 | H2: =VLOOKUP($A2,simplified!$A:$F,6,FALSE) -> 0
A3: 17A021MM | B3: DRR213718 | C3: =VLOOKUP($A3,simplified!$A:$F,1,FALSE) -> 17A021MM | D3: =VLOOKUP($A3,simplified!$A:$F,2,FALSE) -> DRR213718 | E3: =VLOOKUP($A3,simplified!$A:$F,3,FALSE) -> 0 | F3: =VLOOKUP($A3,simplified!$A:$F,4,FALSE) -> 16 | G3: =VLOOKUP($A3,simplified!$A:$F,5,FALSE) -> 0 | H3: =VLOOKUP($A3,simplified!$A:$F,6,FALSE) -> 0
A4: 17D002HM | B4: DRR213721 | C4: =VLOOKUP($A4,simplified!$A:$F,1,FALSE) -> 17D002HM | D4: =VLOOKUP($A4,simplified!$A:$F,2,FALSE) -> DRR213721 | E4: =VLOOKUP($A4,simplified!$A:$F,3,FALSE) -> 0 | F4: =VLOOKUP($A4,simplified!$A:$F,4,FALSE) -> 1 | G4: =VLOOKUP($A4,simplified!$A:$F,5,FALSE) -> 0 | H4: =VLOOKUP($A4,simplified!$A:$F,6,FALSE) -> 0
A5: 18E016HF | B5: DRR213730 | C5: =VLOOKUP($A5,simplified!$A:$F,1,FALSE) -> 18E016HF | D5: =VLOOKUP($A5,simplified!$A:$F,2,FALSE) -> DRR213730 | E5: =VLOOKUP($A5,simplified!$A:$F,3,FALSE) -> 0 | F5: =VLOOKUP($A5,simplified!$A:$F,4,FALSE) -> 1 | G5: =VLOOKUP($A5,simplified!$A:$F,5,FALSE) -> 0 | H5: =VLOOKUP($A5,simplified!$A:$F,6,FALSE) -> 0
A6: A10 | B6: - | C6: =VLOOKUP($A6,simplified!$A:$F,1,FALSE) -> A10 | D6: =VLOOKUP($A6,simplified!$A:$F,2,FALSE) -> SRR4308606 | E6: =VLOOKUP($A6,simplified!$A:$F,3,FALSE) -> 0 | F6: =VLOOKUP($A6,simplified!$A:$F,4,FALSE) -> 0 | G6: =VLOOKUP($A6,simplified!$A:$F,5,FALSE) -> 10 | H6: =VLOOKUP($A6,simplified!$A:$F,6,FALSE) -> 0
A7: A12 | B7: - | C7: =VLOOKUP($A7,simplified!$A:$F,1,FALSE) -> A12 | D7: =VLOOKUP($A7,simplified!$A:$F,2,FALSE) -> SRR4308607 | E7: =VLOOKUP($A7,simplified!$A:$F,3,FALSE) -> 0 | F7: =VLOOKUP($A7,simplified!$A:$F,4,FALSE) -> 0 | G7: =VLOOKUP($A7,simplified!$A:$F,5,FALSE) -> 10 | H7: =VLOOKUP($A7,simplified!$A:$F,6,FALSE) -> 0
A8: Amoy | B8: NZ_CP015162.1 | C8: =VLOOKUP($A8,simplified!$A:$F,1,FALSE) -> Amoy | D8: =VLOOKUP($A8,simplified!$A:$F,2,FALSE) -> 0 | E8: =VLOOKUP($A8,simplified!$A:$F,3,FALSE) -> 6 | F8: =VLOOKUP($A8,simplified!$A:$F,4,FALSE) -> 1 | G8: =VLOOKUP($A8,simplified!$A:$F,5,FALSE) -> 8 | H8: =VLOOKUP($A8,simplified!$A:$F,6,FALSE) -> 24
A9: AU15 | B9: SRR3268722 | C9: =VLOOKUP($A9,simplified!$A:$F,1,FALSE) -> AU15 | D9: =VLOOKUP($A9,simplified!$A:$F,2,FALSE) -> 0 | E9: =VLOOKUP($A9,simplified!$A:$F,3,FALSE) -> 0 | F9: =VLOOKUP($A9,simplified!$A:$F,4,FALSE) -> 0 | G9: =VLOOKUP($A9,simplified!$A:$F,5,FALSE) -> 0 | H9: =VLOOKUP($A9,simplified!$A:$F,6,FALSE) -> 0
A10: AU16 | B10: SRR3268723 | C10: =VLOOKUP($A10,simplified!$A:$F,1,FALSE) -> AU16 | D10: =VLOOKUP($A10,simplified!$A:$F,2,FALSE) -> 0 | E10: =VLOOKUP($A10,simplified!$A:$F,3,FALSE) -> 0 | F10: =VLOOKUP($A10,simplified!$A:$F,4,FALSE) -> 0 | G10: =VLOOKUP($A10,simplified!$A:$F,5,FALSE) -> 0 | H10: =VLOOKUP($A10,simplified!$A:$F,6,FALSE) -> 0
A11: B3 | B11: SRR2996728 | C11: =VLOOKUP($A11,simplified!$A:$F,1,FALSE) -> B3 | D11: =VLOOKUP($A11,simplified!$A:$F,2,FALSE) -> 0 | E11: =VLOOKUP($A11,simplified!$A:$F,3,FALSE) -> 1 | F11: =VLOOKUP($A11,simplified!$A:$F,4,FALSE) -> 1 | G11: =VLOOKUP($A11,simplified!$A:$F,5,FALSE) -> 8 | H11: =VLOOKUP($A11,simplified!$A:$F,6,FALSE) -> 3
A12: BAL3 | B12: SRR3268715 | C12: =VLOOKUP($A12,simplified!$A:$F,1,FALSE) -> BAL3 | D12: =VLOOKUP($A12,simplified!$A:$F,2,FALSE) -> 0 | E12: =VLOOKUP($A12,simplified!$A:$F,3,FALSE) -> 0 | F12: =VLOOKUP($A12,simplified!$A:$F,4,FALSE) -> 0 | G12: =VLOOKUP($A12,simplified!$A:$F,5,FALSE) -> 0 | H12: =VLOOKUP($A12,simplified!$A:$F,6,FALSE) -> 0
A13: BAL73 | B13: SRR3268726 | C13: =VLOOKUP($A13,simplified!$A:$F,1,FALSE) -> BAL73 | D13: =VLOOKUP($A13,simplified!$A:$F,2,FALSE) -> 0 | E13: =VLOOKUP($A13,simplified!$A:$F,3,FALSE) -> 0 | F13: =VLOOKUP($A13,simplified!$A:$F,4,FALSE) -> 0 | G13: =VLOOKUP($A13,simplified!$A:$F,5,FALSE) -> 0 | H13: =VLOOKUP($A13,simplified!$A:$F,6,FALSE) -> 0
... A388: UW391B | B388: ERR2756174 | C388: =VLOOKUP($A388,simplified!$A:$F,1,FALSE) -> UW391B | D388: =VLOOKUP($A388,simplified!$A:$F,2,FALSE) -> 0 | E388: =VLOOKUP($A388,simplified!$A:$F,3,FALSE) -> 1 | F388: =VLOOKUP($A388,simplified!$A:$F,4,FALSE) -> 1 | G388: =VLOOKUP($A388,simplified!$A:$F,5,FALSE) -> 9 | H388: =VLOOKUP($A388,simplified!$A:$F,6,FALSE) -> 27
A389: Amoy-X-4 | B389: SRR9127751 | C389: =VLOOKUP($B389,simplified!$B:$F,1,FALSE) -> #N/A | D389: =VLOOKUP($B389,simplified!$B:$F,1,FALSE) -> #N/A | E389: =VLOOKUP($B389,simplified!$B:$F,1,FALSE) -> #N/A | F389: =VLOOKUP($B389,simplified!$B:$F,1,FALSE) -> #N/A | G389: =VLOOKUP($B389,simplified!$B:$F,1,FALSE) -> #N/A | H389: =VLOOKUP($B389,simplified!$B:$F,1,FALSE) -> #N/A
A390: AR2 | B390: SRR3268682 | C390: =VLOOKUP($B390,simplified!$B:$F,1,FALSE) -> #N/A | D390: =VLOOKUP($B390,simplified!$B:$F,1,FALSE) -> #N/A | E390: =VLOOKUP($B390,simplified!$B:$F,1,FALSE) -> #N/A | F390: =VLOOKUP($B390,simplified!$B:$F,1,FALSE) -> #N/A | G390: =VLOOKUP($B390,simplified!$B:$F,1,FALSE) -> #N/A | H390: =VLOOKUP($B390,simplified!$B:$F,1,FALSE) -> #N/A
A391: BosniaA | B391: NZ_CP007548.1 | C391: =VLOOKUP($B391,simplified!$B:$F,1,FALSE) -> #N/A | D391: =VLOOKUP($B391,simplified!$B:$F,1,FALSE) -> #N/A | E391: =VLOOKUP($B391,simplified!$B:$F,1,FALSE) -> #N/A | F391: =VLOOKUP($B391,simplified!$B:$F,1,FALSE) -> #N/A | G391: =VLOOKUP($B391,simplified!$B:$F,1,FALSE) -> #N/A | H391: =VLOOKUP($B391,simplified!$B:$F,1,FALSE) -> #N/A
A392: IraqB | B392: CP032303.1 | C392: =VLOOKUP($B392,simplified!$B:$F,1,FALSE) -> #N/A | D392: =VLOOKUP($B392,simplified!$B:$F,1,FALSE) -> #N/A | E392: =VLOOKUP($B392,simplified!$B:$F,1,FALSE) -> #N/A | F392: =VLOOKUP($B392,simplified!$B:$F,1,FALSE) -> #N/A | G392: =VLOOKUP($B392,simplified!$B:$F,1,FALSE) -> #N/A | H392: =VLOOKUP($B392,simplified!$B:$F,1,FALSE) -> #N/A
A393: IraqB-mcf | B393: ERR5210583 | C393: =VLOOKUP($B393,simplified!$B:$F,1,FALSE) -> #N/A | D393: =VLOOKUP($B393,simplified!$B:$F,1,FALSE) -> #N/A | E393: =VLOOKUP($B393,simplified!$B:$F,1,FALSE) -> #N/A | F393: =VLOOKUP($B393,simplified!$B:$F,1,FALSE) -> #N/A | G393: =VLOOKUP($B393,simplified!$B:$F,1,FALSE) -> #N/A | H393: =VLOOKUP($B393,simplified!$B:$F,1,FALSE) -> #N/A
A394: CDC_2575 | B394: NZ_CP020366.1 | C394: =VLOOKUP($B394,simplified!$B:$F,1,FALSE) -> #N/A | D394: =VLOOKUP($B394,simplified!$B:$F,1,FALSE) -> #N/A | E394: =VLOOKUP($B394,simplified!$B:$F,1,FALSE) -> #N/A | F394: =VLOOKUP($B394,simplified!$B:$F,1,FALSE) -> #N/A | G394: =VLOOKUP($B394,simplified!$B:$F,1,FALSE) -> #N/A | H394: =VLOOKUP($B394,simplified!$B:$F,1,FALSE) -> #N/A
A395: Chicago_Population | B395: NZ_CP010558.1 | C395: =VLOOKUP($B395,simplified!$B:$F,1,FALSE) -> #N/A | D395: =VLOOKUP($B395,simplified!$B:$F,1,FALSE) -> #N/A | E395: =VLOOKUP($B395,simplified!$B:$F,1,FALSE) -> #N/A | F395: =VLOOKUP($B395,simplified!$B:$F,1,FALSE) -> #N/A | G395: =VLOOKUP($B395,simplified!$B:$F,1,FALSE) -> #N/A | H395: =VLOOKUP($B395,simplified!$B:$F,1,FALSE) -> #N/A
A396: Chicago_tube2 | B396: ERR2756161 | C396: =VLOOKUP($B396,simplified!$B:$F,1,FALSE) -> #N/A | D396: =VLOOKUP($B396,simplified!$B:$F,1,FALSE) -> #N/A | E396: =VLOOKUP($B396,simplified!$B:$F,1,FALSE) -> #N/A | F396: =VLOOKUP($B396,simplified!$B:$F,1,FALSE) -> #N/A | G396: =VLOOKUP($B396,simplified!$B:$F,1,FALSE) -> #N/A | H396: =VLOOKUP($B396,simplified!$B:$F,1,FALSE) -> #N/A
A397: CP0461 | B397: ERR1470334 | C397: - | D397: =VLOOKUP($B397,simplified!$B:$F,1,FALSE) -> ERR1470334 | E397: =VLOOKUP($B397,simplified!$B:$F,2,FALSE) -> 0 | F397: =VLOOKUP($B397,simplified!$B:$F,3,FALSE) -> 0 | G397: =VLOOKUP($B397,simplified!$B:$F,4,FALSE) -> 10 | H397: =VLOOKUP($B397,simplified!$B:$F,5,FALSE) -> 0
A398: CP0465 | B398: ERR1470338 | C398: - | D398: =VLOOKUP($B398,simplified!$B:$F,1,FALSE) -> ERR1470338 | E398: =VLOOKUP($B398,simplified!$B:$F,2,FALSE) -> 0 | F398: =VLOOKUP($B398,simplified!$B:$F,3,FALSE) -> 0 | G398: =VLOOKUP($B398,simplified!$B:$F,4,FALSE) -> 10 | H398: =VLOOKUP($B398,simplified!$B:$F,5,FALSE) -> 0
A399: CP0492 | B399: ERR1470344 | C399: - | D399: =VLOOKUP($B399,simplified!$B:$F,1,FALSE) -> ERR1470344 | E399: =VLOOKUP($B399,simplified!$B:$F,2,FALSE) -> 0 | F399: =VLOOKUP($B399,simplified!$B:$F,3,FALSE) -> 0 | G399: =VLOOKUP($B399,simplified!$B:$F,4,FALSE) -> 0 | H399: =VLOOKUP($B399,simplified!$B:$F,5,FALSE) -> 0
A400: CP0495 | B400: ERR1470343 | C400: - | D400: =VLOOKUP($B400,simplified!$B:$F,1,FALSE) -> ERR1470343 | E400: =VLOOKUP($B400,simplified!$B:$F,2,FALSE) -> 0 | F400: =VLOOKUP($B400,simplified!$B:$F,3,FALSE) -> 0 | G400: =VLOOKUP($B400,simplified!$B:$F,4,FALSE) -> 10 | H400: =VLOOKUP($B400,simplified!$B:$F,5,FALSE) -> 0
A401: Cuniculi_A | B401: NC_015714.1 | C401: =VLOOKUP($B401,simplified!$B:$F,1,FALSE) -> #N/A | D401: =VLOOKUP($B401,simplified!$B:$F,1,FALSE) -> #N/A | E401: =VLOOKUP($B401,simplified!$B:$F,1,FALSE) -> #N/A | F401: =VLOOKUP($B401,simplified!$B:$F,1,FALSE) -> #N/A | G401: =VLOOKUP($B401,simplified!$B:$F,1,FALSE) -> #N/A | H401: =VLOOKUP($B401,simplified!$B:$F,1,FALSE) -> #N/A
A402: GHA1 | B402: SRR3268694 | C402: =VLOOKUP($B402,simplified!$B:$F,1,FALSE) -> #N/A | D402: =VLOOKUP($B402,simplified!$B:$F,1,FALSE) -> #N/A | E402: =VLOOKUP($B402,simplified!$B:$F,1,FALSE) -> #N/A | F402: =VLOOKUP($B402,simplified!$B:$F,1,FALSE) -> #N/A | G402: =VLOOKUP($B402,simplified!$B:$F,1,FALSE) -> #N/A | H402: =VLOOKUP($B402,simplified!$B:$F,1,FALSE) -> #N/A
A403: GRA2 | B403: SRR3268696 | C403: =VLOOKUP($B403,simplified!$B:$F,1,FALSE) -> #N/A | D403: =VLOOKUP($B403,simplified!$B:$F,1,FALSE) -> #N/A | E403: =VLOOKUP($B403,simplified!$B:$F,1,FALSE) -> #N/A | F403: =VLOOKUP($B403,simplified!$B:$F,1,FALSE) -> #N/A | G403: =VLOOKUP($B403,simplified!$B:$F,1,FALSE) -> #N/A | H403: =VLOOKUP($B403,simplified!$B:$F,1,FALSE) -> #N/A
A404: IND1_Kampung_Dalan_K363 | B404: SRR3268698 | C404: =VLOOKUP($B404,simplified!$B:$F,1,FALSE) -> #N/A | D404: =VLOOKUP($B404,simplified!$B:$F,1,FALSE) -> #N/A | E404: =VLOOKUP($B404,simplified!$B:$F,1,FALSE) -> #N/A | F404: =VLOOKUP($B404,simplified!$B:$F,1,FALSE) -> #N/A | G404: =VLOOKUP($B404,simplified!$B:$F,1,FALSE) -> #N/A | H404: =VLOOKUP($B404,simplified!$B:$F,1,FALSE) -> #N/A
A405: Kampung_Dalan_K363 | B405: NZ_CP024088.1 | C405: =VLOOKUP($B405,simplified!$B:$F,1,FALSE) -> #N/A | D405: =VLOOKUP($B405,simplified!$B:$F,1,FALSE) -> #N/A | E405: =VLOOKUP($B405,simplified!$B:$F,1,FALSE) -> #N/A | F405: =VLOOKUP($B405,simplified!$B:$F,1,FALSE) -> #N/A | G405: =VLOOKUP($B405,simplified!$B:$F,1,FALSE) -> #N/A | H405: =VLOOKUP($B405,simplified!$B:$F,1,FALSE) -> #N/A
A406: Mexico_A | B406: NC_018722.1 | C406: =VLOOKUP($B406,simplified!$B:$F,1,FALSE) -> #N/A | D406: =VLOOKUP($B406,simplified!$B:$F,1,FALSE) -> #N/A | E406: =VLOOKUP($B406,simplified!$B:$F,1,FALSE) -> #N/A | F406: =VLOOKUP($B406,simplified!$B:$F,1,FALSE) -> #N/A | G406: =VLOOKUP($B406,simplified!$B:$F,1,FALSE) -> #N/A | H406: =VLOOKUP($B406,simplified!$B:$F,1,FALSE) -> #N/A
A407: Nichols_Houston_E | B407: ERR2756162 | C407: =VLOOKUP($B407,simplified!$B:$F,1,FALSE) -> #N/A | D407: =VLOOKUP($B407,simplified!$B:$F,1,FALSE) -> #N/A | E407: =VLOOKUP($B407,simplified!$B:$F,1,FALSE) -> #N/A | F407: =VLOOKUP($B407,simplified!$B:$F,1,FALSE) -> #N/A | G407: =VLOOKUP($B407,simplified!$B:$F,1,FALSE) -> #N/A | H407: =VLOOKUP($B407,simplified!$B:$F,1,FALSE) -> #N/A
A408: Nichols_Houston_J | B408: ERR2756160 | C408: =VLOOKUP($B408,simplified!$B:$F,1,FALSE) -> #N/A | D408: =VLOOKUP($B408,simplified!$B:$F,1,FALSE) -> #N/A | E408: =VLOOKUP($B408,simplified!$B:$F,1,FALSE) -> #N/A | F408: =VLOOKUP($B408,simplified!$B:$F,1,FALSE) -> #N/A | G408: =VLOOKUP($B408,simplified!$B:$F,1,FALSE) -> #N/A | H408: =VLOOKUP($B408,simplified!$B:$F,1,FALSE) -> #N/A
A409: Nichols_Houston_O | B409: ERR2756163 | C409: =VLOOKUP($B409,simplified!$B:$F,1,FALSE) -> #N/A | D409: =VLOOKUP($B409,simplified!$B:$F,1,FALSE) -> #N/A | E409: =VLOOKUP($B409,simplified!$B:$F,1,FALSE) -> #N/A | F409: =VLOOKUP($B409,simplified!$B:$F,1,FALSE) -> #N/A | G409: =VLOOKUP($B409,simplified!$B:$F,1,FALSE) -> #N/A | H409: =VLOOKUP($B409,simplified!$B:$F,1,FALSE) -> #N/A
A410: Nichols_v2 | B410: NC_021490.2 | C410: =VLOOKUP($B410,simplified!$B:$F,1,FALSE) -> #N/A | D410: =VLOOKUP($B410,simplified!$B:$F,1,FALSE) -> #N/A | E410: =VLOOKUP($B410,simplified!$B:$F,1,FALSE) -> #N/A | F410: =VLOOKUP($B410,simplified!$B:$F,1,FALSE) -> #N/A | G410: =VLOOKUP($B410,simplified!$B:$F,1,FALSE) -> #N/A | H410: =VLOOKUP($B410,simplified!$B:$F,1,FALSE) -> #N/A
A411: NKNP-1 | B411: SRR4308606 | C411: - | D411: =VLOOKUP($B411,simplified!$B:$F,1,FALSE) -> SRR4308606 | E411: =VLOOKUP($B411,simplified!$B:$F,2,FALSE) -> 0 | F411: =VLOOKUP($B411,simplified!$B:$F,3,FALSE) -> 0 | G411: =VLOOKUP($B411,simplified!$B:$F,4,FALSE) -> 10 | H411: =VLOOKUP($B411,simplified!$B:$F,5,FALSE) -> 0
A412: NKNP-2 | B412: SRR4308607 | C412: - | D412: =VLOOKUP($B412,simplified!$B:$F,1,FALSE) -> SRR4308607 | E412: =VLOOKUP($B412,simplified!$B:$F,2,FALSE) -> 0 | F412: =VLOOKUP($B412,simplified!$B:$F,3,FALSE) -> 0 | G412: =VLOOKUP($B412,simplified!$B:$F,4,FALSE) -> 10 | H412: =VLOOKUP($B412,simplified!$B:$F,5,FALSE) -> 0
A413: NL09 | B413: ERR2710610 | C413: =VLOOKUP($B413,simplified!$B:$F,1,FALSE) -> #N/A | D413: =VLOOKUP($B413,simplified!$B:$F,1,FALSE) -> #N/A | E413: =VLOOKUP($B413,simplified!$B:$F,1,FALSE) -> #N/A | F413: =VLOOKUP($B413,simplified!$B:$F,1,FALSE) -> #N/A | G413: =VLOOKUP($B413,simplified!$B:$F,1,FALSE) -> #N/A | H413: =VLOOKUP($B413,simplified!$B:$F,1,FALSE) -> #N/A
A414: NL10 | B414: ERR2710611 | C414: =VLOOKUP($B414,simplified!$B:$F,1,FALSE) -> #N/A | D414: =VLOOKUP($B414,simplified!$B:$F,1,FALSE) -> #N/A | E414: =VLOOKUP($B414,simplified!$B:$F,1,FALSE) -> #N/A | F414: =VLOOKUP($B414,simplified!$B:$F,1,FALSE) -> #N/A | G414: =VLOOKUP($B414,simplified!$B:$F,1,FALSE) -> #N/A | H414: =VLOOKUP($B414,simplified!$B:$F,1,FALSE) -> #N/A
A415: NL11 | B415: ERR2710612 | C415: =VLOOKUP($B415,simplified!$B:$F,1,FALSE) -> #N/A | D415: =VLOOKUP($B415,simplified!$B:$F,1,FALSE) -> #N/A | E415: =VLOOKUP($B415,simplified!$B:$F,1,FALSE) -> #N/A | F415: =VLOOKUP($B415,simplified!$B:$F,1,FALSE) -> #N/A | G415: =VLOOKUP($B415,simplified!$B:$F,1,FALSE) -> #N/A | H415: =VLOOKUP($B415,simplified!$B:$F,1,FALSE) -> #N/A
A416: NL13 | B416: ERR2710614 | C416: =VLOOKUP($B416,simplified!$B:$F,1,FALSE) -> #N/A | D416: =VLOOKUP($B416,simplified!$B:$F,1,FALSE) -> #N/A | E416: =VLOOKUP($B416,simplified!$B:$F,1,FALSE) -> #N/A | F416: =VLOOKUP($B416,simplified!$B:$F,1,FALSE) -> #N/A | G416: =VLOOKUP($B416,simplified!$B:$F,1,FALSE) -> #N/A | H416: =VLOOKUP($B416,simplified!$B:$F,1,FALSE) -> #N/A
A417: NL14 | B417: ERR2710615 | C417: =VLOOKUP($B417,simplified!$B:$F,1,FALSE) -> #N/A | D417: =VLOOKUP($B417,simplified!$B:$F,1,FALSE) -> #N/A | E417: =VLOOKUP($B417,simplified!$B:$F,1,FALSE) -> #N/A | F417: =VLOOKUP($B417,simplified!$B:$F,1,FALSE) -> #N/A | G417: =VLOOKUP($B417,simplified!$B:$F,1,FALSE) -> #N/A | H417: =VLOOKUP($B417,simplified!$B:$F,1,FALSE) -> #N/A
A418: NL16 | B418: ERR2710617 | C418: =VLOOKUP($B418,simplified!$B:$F,1,FALSE) -> #N/A | D418: =VLOOKUP($B418,simplified!$B:$F,1,FALSE) -> #N/A | E418: =VLOOKUP($B418,simplified!$B:$F,1,FALSE) -> #N/A | F418: =VLOOKUP($B418,simplified!$B:$F,1,FALSE) -> #N/A | G418: =VLOOKUP($B418,simplified!$B:$F,1,FALSE) -> #N/A | H418: =VLOOKUP($B418,simplified!$B:$F,1,FALSE) -> #N/A
A419: NL17 | B419: ERR2710618 | C419: =VLOOKUP($B419,simplified!$B:$F,1,FALSE) -> #N/A | D419: =VLOOKUP($B419,simplified!$B:$F,1,FALSE) -> #N/A | E419: =VLOOKUP($B419,simplified!$B:$F,1,FALSE) -> #N/A | F419: =VLOOKUP($B419,simplified!$B:$F,1,FALSE) -> #N/A | G419: =VLOOKUP($B419,simplified!$B:$F,1,FALSE) -> #N/A | H419: =VLOOKUP($B419,simplified!$B:$F,1,FALSE) -> #N/A
A420: NL19 | B420: ERR2710619 | C420: =VLOOKUP($B420,simplified!$B:$F,1,FALSE) -> #N/A | D420: =VLOOKUP($B420,simplified!$B:$F,1,FALSE) -> #N/A | E420: =VLOOKUP($B420,simplified!$B:$F,1,FALSE) -> #N/A | F420: =VLOOKUP($B420,simplified!$B:$F,1,FALSE) -> #N/A | G420: =VLOOKUP($B420,simplified!$B:$F,1,FALSE) -> #N/A | H420: =VLOOKUP($B420,simplified!$B:$F,1,FALSE) -> #N/A
A421: PHE120002A | B421: ERR3811624 | C421: =VLOOKUP($B421,simplified!$B:$F,1,FALSE) -> #N/A | D421: =VLOOKUP($B421,simplified!$B:$F,1,FALSE) -> #N/A | E421: =VLOOKUP($B421,simplified!$B:$F,1,FALSE) -> #N/A | F421: =VLOOKUP($B421,simplified!$B:$F,1,FALSE) -> #N/A | G421: =VLOOKUP($B421,simplified!$B:$F,1,FALSE) -> #N/A | H421: =VLOOKUP($B421,simplified!$B:$F,1,FALSE) -> #N/A
A422: PHE120003A | B422: ERR3684739 | C422: =VLOOKUP($B422,simplified!$B:$F,1,FALSE) -> #N/A | D422: =VLOOKUP($B422,simplified!$B:$F,1,FALSE) -> #N/A | E422: =VLOOKUP($B422,simplified!$B:$F,1,FALSE) -> #N/A | F422: =VLOOKUP($B422,simplified!$B:$F,1,FALSE) -> #N/A | G422: =VLOOKUP($B422,simplified!$B:$F,1,FALSE) -> #N/A | H422: =VLOOKUP($B422,simplified!$B:$F,1,FALSE) -> #N/A
A423: PHE120007A | B423: ERR3684564 | C423: =VLOOKUP($B423,simplified!$B:$F,1,FALSE) -> #N/A | D423: =VLOOKUP($B423,simplified!$B:$F,1,FALSE) -> #N/A | E423: =VLOOKUP($B423,simplified!$B:$F,1,FALSE) -> #N/A | F423: =VLOOKUP($B423,simplified!$B:$F,1,FALSE) -> #N/A | G423: =VLOOKUP($B423,simplified!$B:$F,1,FALSE) -> #N/A | H423: =VLOOKUP($B423,simplified!$B:$F,1,FALSE) -> #N/A
A424: PHE120008A | B424: ERR3699556 | C424: =VLOOKUP($B424,simplified!$B:$F,1,FALSE) -> #N/A | D424: =VLOOKUP($B424,simplified!$B:$F,1,FALSE) -> #N/A | E424: =VLOOKUP($B424,simplified!$B:$F,1,FALSE) -> #N/A | F424: =VLOOKUP($B424,simplified!$B:$F,1,FALSE) -> #N/A | G424: =VLOOKUP($B424,simplified!$B:$F,1,FALSE) -> #N/A | H424: =VLOOKUP($B424,simplified!$B:$F,1,FALSE) -> #N/A
... A752: R6-LES-005 | B752: ERR3596758 | C752: =VLOOKUP($B752,simplified!$B:$F,1,FALSE) -> #N/A | D752: =VLOOKUP($B752,simplified!$B:$F,1,FALSE) -> #N/A | E752: =VLOOKUP($B752,simplified!$B:$F,1,FALSE) -> #N/A | F752: =VLOOKUP($B752,simplified!$B:$F,1,FALSE) -> #N/A | G752: =VLOOKUP($B752,simplified!$B:$F,1,FALSE) -> #N/A | H752: =VLOOKUP($B752,simplified!$B:$F,1,FALSE) -> #N/A
A753: R6-SAM1-001 | B753: ERR3596746 | C753: - | D753: =VLOOKUP($B753,simplified!$B:$F,1,FALSE) -> ERR3596746 | E753: =VLOOKUP($B753,simplified!$B:$F,2,FALSE) -> 0 | F753: =VLOOKUP($B753,simplified!$B:$F,3,FALSE) -> 0 | G753: =VLOOKUP($B753,simplified!$B:$F,4,FALSE) -> 0 | H753: =VLOOKUP($B753,simplified!$B:$F,5,FALSE) -> 0
A754: R7-KOS-003 | B754: ERR3596797 | C754: =VLOOKUP($B754,simplified!$B:$F,1,FALSE) -> #N/A | D754: =VLOOKUP($B754,simplified!$B:$F,1,FALSE) -> #N/A | E754: =VLOOKUP($B754,simplified!$B:$F,1,FALSE) -> #N/A | F754: =VLOOKUP($B754,simplified!$B:$F,1,FALSE) -> #N/A | G754: =VLOOKUP($B754,simplified!$B:$F,1,FALSE) -> #N/A | H754: =VLOOKUP($B754,simplified!$B:$F,1,FALSE) -> #N/A
A755: R7-KOS-004 | B755: ERR3596795 | C755: =VLOOKUP($B755,simplified!$B:$F,1,FALSE) -> #N/A | D755: =VLOOKUP($B755,simplified!$B:$F,1,FALSE) -> #N/A | E755: =VLOOKUP($B755,simplified!$B:$F,1,FALSE) -> #N/A | F755: =VLOOKUP($B755,simplified!$B:$F,1,FALSE) -> #N/A | G755: =VLOOKUP($B755,simplified!$B:$F,1,FALSE) -> #N/A | H755: =VLOOKUP($B755,simplified!$B:$F,1,FALSE) -> #N/A
A756: R7-KUN2-001B | B756: ERR3596747 | C756: =VLOOKUP($B756,simplified!$B:$F,1,FALSE) -> #N/A | D756: =VLOOKUP($B756,simplified!$B:$F,1,FALSE) -> #N/A | E756: =VLOOKUP($B756,simplified!$B:$F,1,FALSE) -> #N/A | F756: =VLOOKUP($B756,simplified!$B:$F,1,FALSE) -> #N/A | G756: =VLOOKUP($B756,simplified!$B:$F,1,FALSE) -> #N/A | H756: =VLOOKUP($B756,simplified!$B:$F,1,FALSE) -> #N/A
A757: R7-LAN-005 | B757: ERR3596788 | C757: =VLOOKUP($B757,simplified!$B:$F,1,FALSE) -> #N/A | D757: =VLOOKUP($B757,simplified!$B:$F,1,FALSE) -> #N/A | E757: =VLOOKUP($B757,simplified!$B:$F,1,FALSE) -> #N/A | F757: =VLOOKUP($B757,simplified!$B:$F,1,FALSE) -> #N/A | G757: =VLOOKUP($B757,simplified!$B:$F,1,FALSE) -> #N/A | H757: =VLOOKUP($B757,simplified!$B:$F,1,FALSE) -> #N/A
A758: R8-KOS-007 | B758: ERR3596783 | C758: =VLOOKUP($B758,simplified!$B:$F,1,FALSE) -> #N/A | D758: =VLOOKUP($B758,simplified!$B:$F,1,FALSE) -> #N/A | E758: =VLOOKUP($B758,simplified!$B:$F,1,FALSE) -> #N/A | F758: =VLOOKUP($B758,simplified!$B:$F,1,FALSE) -> #N/A | G758: =VLOOKUP($B758,simplified!$B:$F,1,FALSE) -> #N/A | H758: =VLOOKUP($B758,simplified!$B:$F,1,FALSE) -> #N/A
A759: R8-LMC-008 | B759: ERR3596772 | C759: =VLOOKUP($B759,simplified!$B:$F,1,FALSE) -> #N/A | D759: =VLOOKUP($B759,simplified!$B:$F,1,FALSE) -> #N/A | E759: =VLOOKUP($B759,simplified!$B:$F,1,FALSE) -> #N/A | F759: =VLOOKUP($B759,simplified!$B:$F,1,FALSE) -> #N/A | G759: =VLOOKUP($B759,simplified!$B:$F,1,FALSE) -> #N/A | H759: =VLOOKUP($B759,simplified!$B:$F,1,FALSE) -> #N/A
A760: R8-LMC-012 | B760: ERR3596786 | C760: =VLOOKUP($B760,simplified!$B:$F,1,FALSE) -> #N/A | D760: =VLOOKUP($B760,simplified!$B:$F,1,FALSE) -> #N/A | E760: =VLOOKUP($B760,simplified!$B:$F,1,FALSE) -> #N/A | F760: =VLOOKUP($B760,simplified!$B:$F,1,FALSE) -> #N/A | G760: =VLOOKUP($B760,simplified!$B:$F,1,FALSE) -> #N/A | H760: =VLOOKUP($B760,simplified!$B:$F,1,FALSE) -> #N/A
A761: R8-LMC-015 | B761: ERR3596774 | C761: =VLOOKUP($B761,simplified!$B:$F,1,FALSE) -> #N/A | D761: =VLOOKUP($B761,simplified!$B:$F,1,FALSE) -> #N/A | E761: =VLOOKUP($B761,simplified!$B:$F,1,FALSE) -> #N/A | F761: =VLOOKUP($B761,simplified!$B:$F,1,FALSE) -> #N/A | G761: =VLOOKUP($B761,simplified!$B:$F,1,FALSE) -> #N/A | H761: =VLOOKUP($B761,simplified!$B:$F,1,FALSE) -> #N/A
A762: R8-WUR-001 | B762: ERR3596769 | C762: =VLOOKUP($B762,simplified!$B:$F,1,FALSE) -> #N/A | D762: =VLOOKUP($B762,simplified!$B:$F,1,FALSE) -> #N/A | E762: =VLOOKUP($B762,simplified!$B:$F,1,FALSE) -> #N/A | F762: =VLOOKUP($B762,simplified!$B:$F,1,FALSE) -> #N/A | G762: =VLOOKUP($B762,simplified!$B:$F,1,FALSE) -> #N/A | H762: =VLOOKUP($B762,simplified!$B:$F,1,FALSE) -> #N/A
A763: Samoa_D | B763: SRR3268738 | C763: =VLOOKUP($B763,simplified!$B:$F,1,FALSE) -> #N/A | D763: =VLOOKUP($B763,simplified!$B:$F,1,FALSE) -> #N/A | E763: =VLOOKUP($B763,simplified!$B:$F,1,FALSE) -> #N/A | F763: =VLOOKUP($B763,simplified!$B:$F,1,FALSE) -> #N/A | G763: =VLOOKUP($B763,simplified!$B:$F,1,FALSE) -> #N/A | H763: =VLOOKUP($B763,simplified!$B:$F,1,FALSE) -> #N/A
A764: Seattle_81-4 | B764: ERR2756164 | C764: =VLOOKUP($B764,simplified!$B:$F,1,FALSE) -> #N/A | D764: =VLOOKUP($B764,simplified!$B:$F,1,FALSE) -> #N/A | E764: =VLOOKUP($B764,simplified!$B:$F,1,FALSE) -> #N/A | F764: =VLOOKUP($B764,simplified!$B:$F,1,FALSE) -> #N/A | G764: =VLOOKUP($B764,simplified!$B:$F,1,FALSE) -> #N/A | H764: =VLOOKUP($B764,simplified!$B:$F,1,FALSE) -> #N/A
A765: Seattle_Nichols | B765: NZ_CP010422.1 | C765: =VLOOKUP($B765,simplified!$B:$F,1,FALSE) -> #N/A | D765: =VLOOKUP($B765,simplified!$B:$F,1,FALSE) -> #N/A | E765: =VLOOKUP($B765,simplified!$B:$F,1,FALSE) -> #N/A | F765: =VLOOKUP($B765,simplified!$B:$F,1,FALSE) -> #N/A | G765: =VLOOKUP($B765,simplified!$B:$F,1,FALSE) -> #N/A | H765: =VLOOKUP($B765,simplified!$B:$F,1,FALSE) -> #N/A
... A770: SW4_Trepo | B770: SRR3268730 | C770: =VLOOKUP($B770,simplified!$B:$F,1,FALSE) -> #N/A | D770: =VLOOKUP($B770,simplified!$B:$F,1,FALSE) -> #N/A | E770: =VLOOKUP($B770,simplified!$B:$F,1,FALSE) -> #N/A | F770: =VLOOKUP($B770,simplified!$B:$F,1,FALSE) -> #N/A | G770: =VLOOKUP($B770,simplified!$B:$F,1,FALSE) -> #N/A | H770: =VLOOKUP($B770,simplified!$B:$F,1,FALSE) -> #N/A
A771: TaïNP-2 | B771: SRR4308604 | C771: - | D771: =VLOOKUP($B771,simplified!$B:$F,1,FALSE) -> SRR4308604 | E771: =VLOOKUP($B771,simplified!$B:$F,2,FALSE) -> 0 | F771: =VLOOKUP($B771,simplified!$B:$F,3,FALSE) -> 0 | G771: =VLOOKUP($B771,simplified!$B:$F,4,FALSE) -> 10 | H771: =VLOOKUP($B771,simplified!$B:$F,5,FALSE) -> 0
A772: TPA_ALC002 | B772: ERR4853632 | C772: =VLOOKUP($B772,simplified!$B:$F,1,FALSE) -> #N/A | D772: =VLOOKUP($B772,simplified!$B:$F,1,FALSE) -> #N/A | E772: =VLOOKUP($B772,simplified!$B:$F,1,FALSE) -> #N/A | F772: =VLOOKUP($B772,simplified!$B:$F,1,FALSE) -> #N/A | G772: =VLOOKUP($B772,simplified!$B:$F,1,FALSE) -> #N/A | H772: =VLOOKUP($B772,simplified!$B:$F,1,FALSE) -> #N/A
A773: TPA_ALC005 | B773: ERR4853563 | C773: - | D773: =VLOOKUP($B773,simplified!$B:$F,1,FALSE) -> ERR4853563 | E773: =VLOOKUP($B773,simplified!$B:$F,2,FALSE) -> 1 | F773: =VLOOKUP($B773,simplified!$B:$F,3,FALSE) -> 0 | G773: =VLOOKUP($B773,simplified!$B:$F,4,FALSE) -> 1 | H773: =VLOOKUP($B773,simplified!$B:$F,5,FALSE) -> 0
A774: TPA_ALC009 | B774: ERR4853655 | C774: =VLOOKUP($B774,simplified!$B:$F,1,FALSE) -> #N/A | D774: =VLOOKUP($B774,simplified!$B:$F,1,FALSE) -> #N/A | E774: =VLOOKUP($B774,simplified!$B:$F,1,FALSE) -> #N/A | F774: =VLOOKUP($B774,simplified!$B:$F,1,FALSE) -> #N/A | G774: =VLOOKUP($B774,simplified!$B:$F,1,FALSE) -> #N/A | H774: =VLOOKUP($B774,simplified!$B:$F,1,FALSE) -> #N/A
A775: TPA_ALC011 | B775: ERR4853548 | C775: =VLOOKUP($B775,simplified!$B:$F,1,FALSE) -> #N/A | D775: =VLOOKUP($B775,simplified!$B:$F,1,FALSE) -> #N/A | E775: =VLOOKUP($B775,simplified!$B:$F,1,FALSE) -> #N/A | F775: =VLOOKUP($B775,simplified!$B:$F,1,FALSE) -> #N/A | G775: =VLOOKUP($B775,simplified!$B:$F,1,FALSE) -> #N/A | H775: =VLOOKUP($B775,simplified!$B:$F,1,FALSE) -> #N/A
A776: TPA_ALC015 | B776: ERR4899202 | C776: - | D776: =VLOOKUP($B776,simplified!$B:$F,1,FALSE) -> ERR4899202 | E776: =VLOOKUP($B776,simplified!$B:$F,2,FALSE) -> 1 | F776: =VLOOKUP($B776,simplified!$B:$F,3,FALSE) -> 3 | G776: =VLOOKUP($B776,simplified!$B:$F,4,FALSE) -> 1 | H776: =VLOOKUP($B776,simplified!$B:$F,5,FALSE) -> 1
A777: TPA_ALC023 | B777: ERR4853549 | C777: - | D777: =VLOOKUP($B777,simplified!$B:$F,1,FALSE) -> ERR4853549 | E777: =VLOOKUP($B777,simplified!$B:$F,2,FALSE) -> 0 | F777: =VLOOKUP($B777,simplified!$B:$F,3,FALSE) -> 3 | G777: =VLOOKUP($B777,simplified!$B:$F,4,FALSE) -> 1 | H777: =VLOOKUP($B777,simplified!$B:$F,5,FALSE) -> 0
A778: TPA_ALC032 | B778: ERR4853656 | C778: =VLOOKUP($B778,simplified!$B:$F,1,FALSE) -> #N/A | D778: =VLOOKUP($B778,simplified!$B:$F,1,FALSE) -> #N/A | E778: =VLOOKUP($B778,simplified!$B:$F,1,FALSE) -> #N/A | F778: =VLOOKUP($B778,simplified!$B:$F,1,FALSE) -> #N/A | G778: =VLOOKUP($B778,simplified!$B:$F,1,FALSE) -> #N/A | H778: =VLOOKUP($B778,simplified!$B:$F,1,FALSE) -> #N/A
A779: TPA_ALC034 | B779: ERR4853588 | C779: - | D779: =VLOOKUP($B779,simplified!$B:$F,1,FALSE) -> ERR4853588 | E779: =VLOOKUP($B779,simplified!$B:$F,2,FALSE) -> 1 | F779: =VLOOKUP($B779,simplified!$B:$F,3,FALSE) -> 3 | G779: =VLOOKUP($B779,simplified!$B:$F,4,FALSE) -> 1 | H779: =VLOOKUP($B779,simplified!$B:$F,5,FALSE) -> 1
A780: TPA_ALC035 | B780: ERR4853564 | C780: - | D780: =VLOOKUP($B780,simplified!$B:$F,1,FALSE) -> ERR4853564 | E780: =VLOOKUP($B780,simplified!$B:$F,2,FALSE) -> 0 | F780: =VLOOKUP($B780,simplified!$B:$F,3,FALSE) -> 0 | G780: =VLOOKUP($B780,simplified!$B:$F,4,FALSE) -> 1 | H780: =VLOOKUP($B780,simplified!$B:$F,5,FALSE) -> 0
A781: TPA_ALC036 | B781: ERR4853633 | C781: =VLOOKUP($B781,simplified!$B:$F,1,FALSE) -> #N/A | D781: =VLOOKUP($B781,simplified!$B:$F,1,FALSE) -> #N/A | E781: =VLOOKUP($B781,simplified!$B:$F,1,FALSE) -> #N/A | F781: =VLOOKUP($B781,simplified!$B:$F,1,FALSE) -> #N/A | G781: =VLOOKUP($B781,simplified!$B:$F,1,FALSE) -> #N/A | H781: =VLOOKUP($B781,simplified!$B:$F,1,FALSE) -> #N/A
A782: TPA_ALC046 | B782: - | C782: =VLOOKUP($B782,simplified!$B:$F,1,FALSE) -> #N/A | D782: =VLOOKUP($B782,simplified!$B:$F,1,FALSE) -> #N/A | E782: =VLOOKUP($B782,simplified!$B:$F,1,FALSE) -> #N/A | F782: =VLOOKUP($B782,simplified!$B:$F,1,FALSE) -> #N/A | G782: =VLOOKUP($B782,simplified!$B:$F,1,FALSE) -> #N/A | H782: =VLOOKUP($B782,simplified!$B:$F,1,FALSE) -> #N/A
A783: TPA_ALC048 | B783: ERR4853634 | C783: =VLOOKUP($B783,simplified!$B:$F,1,FALSE) -> #N/A | D783: =VLOOKUP($B783,simplified!$B:$F,1,FALSE) -> #N/A | E783: =VLOOKUP($B783,simplified!$B:$F,1,FALSE) -> #N/A | F783: =VLOOKUP($B783,simplified!$B:$F,1,FALSE) -> #N/A | G783: =VLOOKUP($B783,simplified!$B:$F,1,FALSE) -> #N/A | H783: =VLOOKUP($B783,simplified!$B:$F,1,FALSE) -> #N/A
A784: TPA_ALC052 | B784: ERR4853657 | C784: =VLOOKUP($B784,simplified!$B:$F,1,FALSE) -> #N/A | D784: =VLOOKUP($B784,simplified!$B:$F,1,FALSE) -> #N/A | E784: =VLOOKUP($B784,simplified!$B:$F,1,FALSE) -> #N/A | F784: =VLOOKUP($B784,simplified!$B:$F,1,FALSE) -> #N/A | G784: =VLOOKUP($B784,simplified!$B:$F,1,FALSE) -> #N/A | H784: =VLOOKUP($B784,simplified!$B:$F,1,FALSE) -> #N/A
A785: TPA_ALC053 | B785: ERR4853658 | C785: =VLOOKUP($B785,simplified!$B:$F,1,FALSE) -> #N/A | D785: =VLOOKUP($B785,simplified!$B:$F,1,FALSE) -> #N/A | E785: =VLOOKUP($B785,simplified!$B:$F,1,FALSE) -> #N/A | F785: =VLOOKUP($B785,simplified!$B:$F,1,FALSE) -> #N/A | G785: =VLOOKUP($B785,simplified!$B:$F,1,FALSE) -> #N/A | H785: =VLOOKUP($B785,simplified!$B:$F,1,FALSE) -> #N/A
A786: TPA_ALC055 | B786: ERR4853589 | C786: - | D786: =VLOOKUP($B786,simplified!$B:$F,1,FALSE) -> ERR4853589 | E786: =VLOOKUP($B786,simplified!$B:$F,2,FALSE) -> 1 | F786: =VLOOKUP($B786,simplified!$B:$F,3,FALSE) -> 3 | G786: =VLOOKUP($B786,simplified!$B:$F,4,FALSE) -> 1 | H786: =VLOOKUP($B786,simplified!$B:$F,5,FALSE) -> 1
A787: TPA_ALC060 | B787: - | C787: =VLOOKUP($B787,simplified!$B:$F,1,FALSE) -> #N/A | D787: =VLOOKUP($B787,simplified!$B:$F,1,FALSE) -> #N/A | E787: =VLOOKUP($B787,simplified!$B:$F,1,FALSE) -> #N/A | F787: =VLOOKUP($B787,simplified!$B:$F,1,FALSE) -> #N/A | G787: =VLOOKUP($B787,simplified!$B:$F,1,FALSE) -> #N/A | H787: =VLOOKUP($B787,simplified!$B:$F,1,FALSE) -> #N/A
A788: TPA_ALC070 | B788: - | C788: =VLOOKUP($B788,simplified!$B:$F,1,FALSE) -> #N/A | D788: =VLOOKUP($B788,simplified!$B:$F,1,FALSE) -> #N/A | E788: =VLOOKUP($B788,simplified!$B:$F,1,FALSE) -> #N/A | F788: =VLOOKUP($B788,simplified!$B:$F,1,FALSE) -> #N/A | G788: =VLOOKUP($B788,simplified!$B:$F,1,FALSE) -> #N/A | H788: =VLOOKUP($B788,simplified!$B:$F,1,FALSE) -> #N/A
A789: TPA_ALC073 | B789: ERR4853635 | C789: =VLOOKUP($B789,simplified!$B:$F,1,FALSE) -> #N/A | D789: =VLOOKUP($B789,simplified!$B:$F,1,FALSE) -> #N/A | E789: =VLOOKUP($B789,simplified!$B:$F,1,FALSE) -> #N/A | F789: =VLOOKUP($B789,simplified!$B:$F,1,FALSE) -> #N/A | G789: =VLOOKUP($B789,simplified!$B:$F,1,FALSE) -> #N/A | H789: =VLOOKUP($B789,simplified!$B:$F,1,FALSE) -> #N/A
A790: TPA_ALC076 | B790: ERR4853636 | C790: =VLOOKUP($B790,simplified!$B:$F,1,FALSE) -> #N/A | D790: =VLOOKUP($B790,simplified!$B:$F,1,FALSE) -> #N/A | E790: =VLOOKUP($B790,simplified!$B:$F,1,FALSE) -> #N/A | F790: =VLOOKUP($B790,simplified!$B:$F,1,FALSE) -> #N/A | G790: =VLOOKUP($B790,simplified!$B:$F,1,FALSE) -> #N/A | H790: =VLOOKUP($B790,simplified!$B:$F,1,FALSE) -> #N/A
A791: TPA_ALC077 | B791: ERR4853599 | C791: - | D791: =VLOOKUP($B791,simplified!$B:$F,1,FALSE) -> ERR4853599 | E791: =VLOOKUP($B791,simplified!$B:$F,2,FALSE) -> 0 | F791: =VLOOKUP($B791,simplified!$B:$F,3,FALSE) -> 3 | G791: =VLOOKUP($B791,simplified!$B:$F,4,FALSE) -> 1 | H791: =VLOOKUP($B791,simplified!$B:$F,5,FALSE) -> 0
A792: TPA_ALC078 | B792: ERR4853659 | C792: =VLOOKUP($B792,simplified!$B:$F,1,FALSE) -> #N/A | D792: =VLOOKUP($B792,simplified!$B:$F,1,FALSE) -> #N/A | E792: =VLOOKUP($B792,simplified!$B:$F,1,FALSE) -> #N/A | F792: =VLOOKUP($B792,simplified!$B:$F,1,FALSE) -> #N/A | G792: =VLOOKUP($B792,simplified!$B:$F,1,FALSE) -> #N/A | H792: =VLOOKUP($B792,simplified!$B:$F,1,FALSE) -> #N/A
A793: TPA_ALC079 | B793: ERR4853637 | C793: =VLOOKUP($B793,simplified!$B:$F,1,FALSE) -> #N/A | D793: =VLOOKUP($B793,simplified!$B:$F,1,FALSE) -> #N/A | E793: =VLOOKUP($B793,simplified!$B:$F,1,FALSE) -> #N/A | F793: =VLOOKUP($B793,simplified!$B:$F,1,FALSE) -> #N/A | G793: =VLOOKUP($B793,simplified!$B:$F,1,FALSE) -> #N/A | H793: =VLOOKUP($B793,simplified!$B:$F,1,FALSE) -> #N/A
A794: TPA_BCC004 | B794: ERR4993350 | C794: =VLOOKUP($B794,simplified!$B:$F,1,FALSE) -> #N/A | D794: =VLOOKUP($B794,simplified!$B:$F,1,FALSE) -> #N/A | E794: =VLOOKUP($B794,simplified!$B:$F,1,FALSE) -> #N/A | F794: =VLOOKUP($B794,simplified!$B:$F,1,FALSE) -> #N/A | G794: =VLOOKUP($B794,simplified!$B:$F,1,FALSE) -> #N/A | H794: =VLOOKUP($B794,simplified!$B:$F,1,FALSE) -> #N/A
A795: TPA_BCC005 | B795: ERR4899197 | C795: - | D795: =VLOOKUP($B795,simplified!$B:$F,1,FALSE) -> ERR4899197 | E795: =VLOOKUP($B795,simplified!$B:$F,2,FALSE) -> 0 | F795: =VLOOKUP($B795,simplified!$B:$F,3,FALSE) -> 1 | G795: =VLOOKUP($B795,simplified!$B:$F,4,FALSE) -> 0 | H795: =VLOOKUP($B795,simplified!$B:$F,5,FALSE) -> 0
A796: TPA_BCC008 | B796: ERR4853533 | C796: - | D796: =VLOOKUP($B796,simplified!$B:$F,1,FALSE) -> ERR4853533 | E796: =VLOOKUP($B796,simplified!$B:$F,2,FALSE) -> 0 | F796: =VLOOKUP($B796,simplified!$B:$F,3,FALSE) -> 1 | G796: =VLOOKUP($B796,simplified!$B:$F,4,FALSE) -> 1 | H796: =VLOOKUP($B796,simplified!$B:$F,5,FALSE) -> 0
A797: TPA_BCC009 | B797: ERR4899198 | C797: - | D797: =VLOOKUP($B797,simplified!$B:$F,1,FALSE) -> ERR4899198 | E797: =VLOOKUP($B797,simplified!$B:$F,2,FALSE) -> 1 | F797: =VLOOKUP($B797,simplified!$B:$F,3,FALSE) -> 1 | G797: =VLOOKUP($B797,simplified!$B:$F,4,FALSE) -> 1 | H797: =VLOOKUP($B797,simplified!$B:$F,5,FALSE) -> 2
A798: TPA_BCC012 | B798: ERR4993351 | C798: - | D798: =VLOOKUP($B798,simplified!$B:$F,1,FALSE) -> ERR4993351 | E798: =VLOOKUP($B798,simplified!$B:$F,2,FALSE) -> 0 | F798: =VLOOKUP($B798,simplified!$B:$F,3,FALSE) -> 2 | G798: =VLOOKUP($B798,simplified!$B:$F,4,FALSE) -> 8 | H798: =VLOOKUP($B798,simplified!$B:$F,5,FALSE) -> 0
A799: TPA_BCC013 | B799: ERR4899199 | C799: =VLOOKUP($B799,simplified!$B:$F,1,FALSE) -> #N/A | D799: =VLOOKUP($B799,simplified!$B:$F,1,FALSE) -> #N/A | E799: =VLOOKUP($B799,simplified!$B:$F,1,FALSE) -> #N/A | F799: =VLOOKUP($B799,simplified!$B:$F,1,FALSE) -> #N/A | G799: =VLOOKUP($B799,simplified!$B:$F,1,FALSE) -> #N/A | H799: =VLOOKUP($B799,simplified!$B:$F,1,FALSE) -> #N/A
A800: TPA_BCC014 | B800: ERR4853565 | C800: =VLOOKUP($B800,simplified!$B:$F,1,FALSE) -> #N/A | D800: =VLOOKUP($B800,simplified!$B:$F,1,FALSE) -> #N/A | E800: =VLOOKUP($B800,simplified!$B:$F,1,FALSE) -> #N/A | F800: =VLOOKUP($B800,simplified!$B:$F,1,FALSE) -> #N/A | G800: =VLOOKUP($B800,simplified!$B:$F,1,FALSE) -> #N/A | H800: =VLOOKUP($B800,simplified!$B:$F,1,FALSE) -> #N/A
A801: TPA_BCC017 | B801: ERR4853575 | C801: =VLOOKUP($B801,simplified!$B:$F,1,FALSE) -> #N/A | D801: =VLOOKUP($B801,simplified!$B:$F,1,FALSE) -> #N/A | E801: =VLOOKUP($B801,simplified!$B:$F,1,FALSE) -> #N/A | F801: =VLOOKUP($B801,simplified!$B:$F,1,FALSE) -> #N/A | G801: =VLOOKUP($B801,simplified!$B:$F,1,FALSE) -> #N/A | H801: =VLOOKUP($B801,simplified!$B:$F,1,FALSE) -> #N/A
A802: TPA_BCC023 | B802: ERR4853534 | C802: =VLOOKUP($B802,simplified!$B:$F,1,FALSE) -> #N/A | D802: =VLOOKUP($B802,simplified!$B:$F,1,FALSE) -> #N/A | E802: =VLOOKUP($B802,simplified!$B:$F,1,FALSE) -> #N/A | F802: =VLOOKUP($B802,simplified!$B:$F,1,FALSE) -> #N/A | G802: =VLOOKUP($B802,simplified!$B:$F,1,FALSE) -> #N/A | H802: =VLOOKUP($B802,simplified!$B:$F,1,FALSE) -> #N/A
A803: TPA_BCC026 | B803: ERR4853638 | C803: =VLOOKUP($B803,simplified!$B:$F,1,FALSE) -> #N/A | D803: =VLOOKUP($B803,simplified!$B:$F,1,FALSE) -> #N/A | E803: =VLOOKUP($B803,simplified!$B:$F,1,FALSE) -> #N/A | F803: =VLOOKUP($B803,simplified!$B:$F,1,FALSE) -> #N/A | G803: =VLOOKUP($B803,simplified!$B:$F,1,FALSE) -> #N/A | H803: =VLOOKUP($B803,simplified!$B:$F,1,FALSE) -> #N/A
A804: TPA_BCC027 | B804: ERR4853576 | C804: =VLOOKUP($B804,simplified!$B:$F,1,FALSE) -> #N/A | D804: =VLOOKUP($B804,simplified!$B:$F,1,FALSE) -> #N/A | E804: =VLOOKUP($B804,simplified!$B:$F,1,FALSE) -> #N/A | F804: =VLOOKUP($B804,simplified!$B:$F,1,FALSE) -> #N/A | G804: =VLOOKUP($B804,simplified!$B:$F,1,FALSE) -> #N/A | H804: =VLOOKUP($B804,simplified!$B:$F,1,FALSE) -> #N/A
A805: TPA_BCC029 | B805: ERR4853639 | C805: =VLOOKUP($B805,simplified!$B:$F,1,FALSE) -> #N/A | D805: =VLOOKUP($B805,simplified!$B:$F,1,FALSE) -> #N/A | E805: =VLOOKUP($B805,simplified!$B:$F,1,FALSE) -> #N/A | F805: =VLOOKUP($B805,simplified!$B:$F,1,FALSE) -> #N/A | G805: =VLOOKUP($B805,simplified!$B:$F,1,FALSE) -> #N/A | H805: =VLOOKUP($B805,simplified!$B:$F,1,FALSE) -> #N/A
...

Sheet ariba
A1: Sample | B1: mlst_report | C1: ST | D1: TP0136 | E1: TP0548 | F1: TP0705
A2: 15169_6#52.Treponema.ds2500000-reads | B2: mlst_report | C2: Novel* | D2: 28* | E2: 14 | F2: 10
A3: 15169_6#53.Treponema.ds2352679-reads | B3: mlst_report | C3: Novel* | D3: 18* | E3: 16* | F3: 10
A4: 15169_6#54.Treponema.ds2500000-reads | B4: mlst_report | C4: Novel* | D4: 28* | E4: 14 | F4: 10
A5: 15169_6#56.Treponema.ds2500000-reads | B5: mlst_report | C5: Novel* | D5: 28* | E5: 14 | F5: 10
A6: 15169_6#60.Treponema.ds2500000-reads | B6: mlst_report | C6: Novel* | D6: 28* | E6: 14 | F6: 10
A7: 15169_6#65.Treponema.ds2500000-reads | B7: mlst_report | C7: Novel* | D7: 28* | E7: 13 | F7: 10
A8: 15169_7#74.Treponema.ds2500000-reads | B8: mlst_report | C8: Novel* | D8: 28* | E8: 15 | F8: 10
A9: 19444_8#14.Treponema.ds2033782-reads | B9: mlst_report | C9: Novel* | D9: 28* | E9: 83* | F9: 10
A10: 19444_8#15.Treponema.ds1410649-reads | B10: mlst_report | C10: Novel* | D10: 28* | E10: 83* | F10: 10
A11: 19444_8#2.Treponema.ds2500000-reads | B11: mlst_report | C11: Novel* | D11: 28* | E11: 83* | F11: 10
A12: 19444_8#6.Treponema.ds996438-reads | B12: mlst_report | C12: Novel* | D12: 28* | E12: 83* | F12: 9*
A13: 19444_8#9.Treponema.ds1440088-reads | B13: mlst_report | C13: Novel* | D13: 28* | E13: 83* | F13: 10
A14: 22931_6#11.Treponema.ds2500000-reads | B14: mlst_report | C14: Novel* | D14: 28* | E14: 1 | F14: 1
A15: 22931_6#12.Treponema.ds778035-reads | B15: mlst_report | C15: Novel* | D15: 28* | E15: 2 | F15: 3
A16: 22931_6#13.Treponema.ds2422288-reads | B16: mlst_report | C16: Novel* | D16: 28* | E16: 2 | F16: 3
A17: 22931_6#4.Treponema.ds2207961-reads | B17: mlst_report | C17: Novel* | D17: 28* | E17: 1 | F17: 1
A18: 22931_6#5.Treponema.ds2500000-reads | B18: mlst_report | C18: Novel* | D18: 28* | E18: 3 | F18: 1
A19: 22931_6#6.Treponema.ds2500000-reads | B19: mlst_report | C19: Novel* | D19: 28* | E19: 3 | F19: 1
A20: 22931_6#7.Treponema.ds726081-reads | B20: mlst_report | C20: 72 | D20: 22 | E20: 3 | F20: 1
A21: 22931_6#8.Treponema.ds1618428-reads | B21: mlst_report | C21: Novel* | D21: 28* | E21: 3 | F21: 1
A22: 22931_6#9.Treponema.ds2500000-reads | B22: mlst_report | C22: Novel* | D22: 28* | E22: 2 | F22: 3
A23: 24141_3#11.Treponema.ds2500000-reads | B23: mlst_report | C23: Novel | D23: 1 | E23: 1 | F23: 2
A24: 24141_3#16.Treponema.ds2500000-reads | B24: mlst_report | C24: 11 | D24: 1 | E24: 1 | F24: 3
A25: 24141_3#17.Treponema.ds2500000-reads | B25: mlst_report | C25: Novel* | D25: 18* | E25: 3 | F25: 1
A26: 24141_4#11.Treponema.ds2500000-reads | B26: mlst_report | C26: Novel* | D26: 1 | E26: 1* | F26: 2
A27: 24141_4#12.Treponema.ds2500000-reads | B27: mlst_report | C27: 11 | D27: 1 | E27: 1 | F27: 3
A28: 24141_4#15.Treponema.ds2500000-reads | B28: mlst_report | C28: 27 | D28: 1 | E28: 1 | F28: 9
A29: 24141_4#18.Treponema.ds2500000-reads | B29: mlst_report | C29: Novel | D29: 1 | E29: 1 | F29: 2
A30: 24141_4#19.Treponema.ds2500000-reads | B30: mlst_report | C30: 27 | D30: 1 | E30: 1 | F30: 9
A31: 24141_4#6.Treponema.ds2500000-reads | B31: mlst_report | C31: 11 | D31: 1 | E31: 1 | F31: 3
A32: 24141_5#11.Treponema.ds2500000-reads | B32: mlst_report | C32: 1 | D32: 1 | E32: 3 | F32: 1
A33: 24141_5#12.Treponema.ds2500000-reads | B33: mlst_report | C33: Novel | D33: 1 | E33: 1 | F33: 2
A34: 24141_5#15.Treponema.ds2500000-reads | B34: mlst_report | C34: 2 | D34: 1 | E34: 1 | F34: 1
A35: 24141_5#16.Treponema.ds2500000-reads | B35: mlst_report | C35: 2 | D35: 1 | E35: 1 | F35: 1
A36: 24141_5#17.Treponema.ds2500000-reads | B36: mlst_report | C36: 11 | D36: 1 | E36: 1 | F36: 3
A37: 24141_5#18.Treponema.ds2471082-reads | B37: mlst_report | C37: Novel | D37: 28 | E37: 7 | F37: 3
A38: 24141_5#20.Treponema.ds2500000-reads | B38: mlst_report | C38: Novel | D38: 1 | E38: 1 | F38: 2
A39: 24141_5#4.Treponema.ds2500000-reads | B39: mlst_report | C39: 27 | D39: 1 | E39: 1 | F39: 9
A40: 24141_5#5.Treponema.ds2500000-reads | B40: mlst_report | C40: 2 | D40: 1 | E40: 1 | F40: 1
A41: 24141_5#7.Treponema.ds2500000-reads | B41: mlst_report | C41: Novel* | D41: 28* | E41: 3 | F41: 1
A42: 24141_6#11.Treponema.ds2500000-reads | B42: mlst_report | C42: Novel | D42: 1 | E42: 1 | F42: 2
A43: 24141_6#12.Treponema.ds2500000-reads | B43: mlst_report | C43: 11 | D43: 1 | E43: 1 | F43: 3
A44: 24141_6#14.Treponema.ds2500000-reads | B44: mlst_report | C44: Novel | D44: 1 | E44: 1 | F44: 2
A45: 24141_6#15.Treponema.ds2500000-reads | B45: mlst_report | C45: Novel | D45: 1 | E45: 1 | F45: 2
A46: 24141_6#17.Treponema.ds2500000-reads | B46: mlst_report | C46: Novel | D46: 1 | E46: 1 | F46: 2
A47: 24141_6#18.Treponema.ds2500000-reads | B47: mlst_report | C47: 2* | D47: 1* | E47: 1 | F47: 1
A48: 24141_6#19.Treponema.ds2500000-reads | B48: mlst_report | C48: 1 | D48: 1 | E48: 3 | F48: 1
A49: 24141_6#1.Treponema.ds2500000-reads | B49: mlst_report | C49: Novel | D49: 1 | E49: 1 | F49: 2
A50: 24141_6#20.Treponema.ds2500000-reads | B50: mlst_report | C50: Novel* | D50: 22* | E50: 1 | F50: 3
A51: 24141_6#2.Treponema.ds2500000-reads | B51: mlst_report | C51: 11 | D51: 1 | E51: 1 | F51: 3
A52: 24141_6#3.Treponema.ds2500000-reads | B52: mlst_report | C52: 1 | D52: 1 | E52: 3 | F52: 1
A53: 24141_6#4.Treponema.ds2500000-reads | B53: mlst_report | C53: 11 | D53: 1 | E53: 1 | F53: 3
A54: 24141_6#5.Treponema.ds2500000-reads | B54: mlst_report | C54: 11 | D54: 1 | E54: 1 | F54: 3
A55: 24141_6#6.Treponema.ds2500000-reads | B55: mlst_report | C55: Novel | D55: 1 | E55: 1 | F55: 2
A56: 24141_6#7.Treponema.ds2500000-reads | B56: mlst_report | C56: 1 | D56: 1 | E56: 3 | F56: 1
A57: 24141_6#8.Treponema.ds2500000-reads | B57: mlst_report | C57: Novel | D57: 1 | E57: 1 | F57: 2
A58: 24141_6#9.Treponema.ds2411473-reads | B58: mlst_report | C58: 26* | D58: 9 | E58: 7* | F58: 3
A59: 24141_7#10.Treponema.ds2500000-reads | B59: mlst_report | C59: 11 | D59: 1 | E59: 1 | F59: 3
A60: 24141_7#12.Treponema.ds2500000-reads | B60: mlst_report | C60: 2* | D60: 1 | E60: 1* | F60: 1
A61: 24141_7#15.Treponema.ds2500000-reads | B61: mlst_report | C61: 2 | D61: 1 | E61: 1 | F61: 1
A62: 24141_7#16.Treponema.ds2500000-reads | B62: mlst_report | C62: 27 | D62: 1 | E62: 1 | F62: 9
A63: 24141_7#17.Treponema.ds2500000-reads | B63: mlst_report | C63: 1 | D63: 1 | E63: 3 | F63: 1
A64: 24141_7#18.Treponema.ds2500000-reads | B64: mlst_report | C64: 5 | D64: 2 | E64: 1 | F64: 2
A65: 24141_7#19.Treponema.ds2500000-reads | B65: mlst_report | C65: 1 | D65: 1 | E65: 3 | F65: 1
A66: 24141_7#2.Treponema.ds2500000-reads | B66: mlst_report | C66: 56* | D66: 19* | E66: 3 | F66: 1
A67: 24141_7#3.Treponema.ds2500000-reads | B67: mlst_report | C67: Novel | D67: 1 | E67: 1 | F67: 2
A68: 24141_7#4.Treponema.ds2500000-reads | B68: mlst_report | C68: 1 | D68: 1 | E68: 3 | F68: 1
A69: 24141_7#6.Treponema.ds2500000-reads | B69: mlst_report | C69: 11 | D69: 1 | E69: 1 | F69: 3
A70: 24141_7#7.Treponema.ds2500000-reads | B70: mlst_report | C70: 2 | D70: 1 | E70: 1 | F70: 1
A71: 24141_7#8.Treponema.ds2500000-reads | B71: mlst_report | C71: 2* | D71: 1 | E71: 1* | F71: 1
A72: 24141_8#10.Treponema.ds2500000-reads | B72: mlst_report | C72: Novel* | D72: 1 | E72: 1* | F72: 2
A73: 24141_8#11.Treponema.ds2500000-reads | B73: mlst_report | C73: 1 | D73: 1 | E73: 3 | F73: 1
A74: 24141_8#12.Treponema.ds2500000-reads | B74: mlst_report | C74: Novel | D74: 1 | E74: 1 | F74: 2
A75: 24141_8#2.Treponema.ds2500000-reads | B75: mlst_report | C75: 2* | D75: 1 | E75: 1* | F75: 1
A76: 24141_8#3.Treponema.ds2500000-reads | B76: mlst_report | C76: 27 | D76: 1 | E76: 1 | F76: 9
A77: 24141_8#5.Treponema.ds2500000-reads | B77: mlst_report | C77: 27 | D77: 1 | E77: 1 | F77: 9
A78: 24141_8#6.Treponema.ds2500000-reads | B78: mlst_report | C78: 1 | D78: 1 | E78: 3 | F78: 1
A79: 24141_8#7.Treponema.ds2500000-reads | B79: mlst_report | C79: Novel* | D79: 21* | E79: 3 | F79: 1
A80: 24141_8#8.Treponema.ds1965222-reads | B80: mlst_report | C80: Novel | D80: 28 | E80: 7 | F80: 3
A81: 24141_8#9.Treponema.ds2500000-reads | B81: mlst_report | C81: 1 | D81: 1 | E81: 3 | F81: 1
A82: 27455_1#10.Treponema.ds2500000-reads | B82: mlst_report | C82: 6* | D82: 3* | E82: 2 | F82: 3
A83: 27455_1#11.Treponema.ds2500000-reads | B83: mlst_report | C83: 2 | D83: 1 | E83: 1 | F83: 1
A84: 27455_1#12.Treponema.ds2500000-reads | B84: mlst_report | C84: 6 | D84: 3 | E84: 2 | F84: 3
A85: 27455_1#13.Treponema.ds1547402-reads | B85: mlst_report | C85: Novel* | D85: 11* | E85: 2 | F85: 3
A86: 27455_1#15.Treponema.ds1811142-reads | B86: mlst_report | C86: 6 | D86: 3 | E86: 2 | F86: 3
A87: 27455_1#16.Treponema.ds1926466-reads | B87: mlst_report | C87: Novel* | D87: 28* | E87: 81 | F87: 10*
A88: 27455_1#18.Treponema.ds2379833-reads | B88: mlst_report | C88: 6* | D88: 3* | E88: 2 | F88: 3
A89: 27455_1#19.Treponema.ds1356696-reads | B89: mlst_report | C89: 60* | D89: 9* | E89: 2 | F89: 3
A90: 27455_1#1.Treponema.ds2500000-reads | B90: mlst_report | C90: 1 | D90: 1 | E90: 3 | F90: 1
A91: 27455_1#20.Treponema.ds2500000-reads | B91: mlst_report | C91: 6 | D91: 3 | E91: 2 | F91: 3
A92: 27455_1#21.Treponema.ds2500000-reads | B92: mlst_report | C92: 6 | D92: 3 | E92: 2 | F92: 3
A93: 27455_1#22.Treponema.ds2500000-reads | B93: mlst_report | C93: Novel | D93: 28 | E93: 7 | F93: 3
A94: 27455_1#23.Treponema.ds2500000-reads | B94: mlst_report | C94: 6 | D94: 3 | E94: 2 | F94: 3
A95: 27455_1#24.Treponema.ds2500000-reads | B95: mlst_report | C95: 26 | D95: 9 | E95: 7 | F95: 3
A96: 27455_1#25.Treponema.ds2500000-reads | B96: mlst_report | C96: 6 | D96: 3 | E96: 2 | F96: 3
A97: 27455_1#26.Treponema.ds2500000-reads | B97: mlst_report | C97: Novel* | D97: 28* | E97: 2 | F97: 3
A98: 27455_1#27.Treponema.ds2500000-reads | B98: mlst_report | C98: 6 | D98: 3 | E98: 2 | F98: 3
A99: 27455_1#28.Treponema.ds2500000-reads | B99: mlst_report | C99: 6 | D99: 3 | E99: 2 | F99: 3
A100: 27455_1#29.Treponema.ds2500000-reads | B100: mlst_report | C100: Novel* | D100: 3 | E100: 2 | F100: 8*
...

Sheet blast_assemblies
A1: sample_name | B1: TP0136 | C1: TP0548 | D1: TP0705
A2: 15169_6#52.Treponema.ds2500000-reads | B2: 10 | C2: 14 | D2: 10
A3: 15169_6#53.Treponema.ds2352679-reads | B3: - | C3: - | D3: 10
A4: 15169_6#54.Treponema.ds2500000-reads | B4: 10 | C4: 14 | D4: 10
A5: 15169_6#56.Treponema.ds2500000-reads | B5: 10 | C5: 14 | D5: 10
A6: 15169_6#60.Treponema.ds2500000-reads | B6: 10 | C6: 14 | D6: 10
A7: 15169_6#65.Treponema.ds2500000-reads | B7: 1 | C7: 13 | D7: 10
A8: 15169_7#74.Treponema.ds2500000-reads | B8: 12 | C8: 15 | D8: 10
A9: 19444_8#14.Treponema.ds2033782-reads | B9: - | C9: - | D9: 10
A10: 19444_8#15.Treponema.ds1410649-reads | B10: - | C10: - | D10: 10
A11: 19444_8#2.Treponema.ds2500000-reads | B11: - | C11: - | D11: 10
A12: 19444_8#6.Treponema.ds996438-reads | B12: - | C12: - | D12: 10
A13: 19444_8#9.Treponema.ds1440088-reads | B13: - | C13: - | D13: 10
A14: 22931_6#11.Treponema.ds2500000-reads | B14: 1 | C14: 1 | D14: 1
A15: 22931_6#12.Treponema.ds778035-reads | B15: - | C15: 2 | D15: 3
A16: 22931_6#13.Treponema.ds2422288-reads | B16: 3 | C16: 2 | D16: 3
A17: 22931_6#4.Treponema.ds2207961-reads | B17: 1 | C17: 1 | D17: 1
A18: 22931_6#5.Treponema.ds2500000-reads | B18: 1 | C18: 3 | D18: 1
A19: 22931_6#6.Treponema.ds2500000-reads | B19: 1 | C19: 3 | D19: 1
A20: 22931_6#7.Treponema.ds726081-reads | B20: - | C20: 3 | D20: 1
A21: 22931_6#8.Treponema.ds1618428-reads | B21: 1 | C21: 3 | D21: 1
A22: 22931_6#9.Treponema.ds2500000-reads | B22: 3 | C22: 2 | D22: 3
A23: 24141_3#11.Treponema.ds2500000-reads | B23: 1 | C23: 1 | D23: 2
A24: 24141_3#16.Treponema.ds2500000-reads | B24: 1 | C24: 1 | D24: 3
A25: 24141_3#17.Treponema.ds2500000-reads | B25: 1 | C25: 3 | D25: 1
A26: 24141_4#11.Treponema.ds2500000-reads | B26: 1 | C26: 1 | D26: 2
A27: 24141_4#12.Treponema.ds2500000-reads | B27: 1 | C27: 1 | D27: 3
A28: 24141_4#15.Treponema.ds2500000-reads | B28: 1 | C28: 1 | D28: 9
A29: 24141_4#18.Treponema.ds2500000-reads | B29: 1 | C29: 1 | D29: 2
A30: 24141_4#19.Treponema.ds2500000-reads | B30: 1 | C30: 1 | D30: 9
A31: 24141_4#6.Treponema.ds2500000-reads | B31: 1 | C31: 1 | D31: 3
A32: 24141_5#11.Treponema.ds2500000-reads | B32: 1 | C32: 3 | D32: 1
... A40: 24141_5#5.Treponema.ds2500000-reads | B40: 1 | C40: 1 | D40: 1
A41: 24141_5#7.Treponema.ds2500000-reads | B41: - | C41: 3 | D41: 1
A42: 24141_6#11.Treponema.ds2500000-reads | B42: 1 | C42: 1 | D42: 2
A43: 24141_6#12.Treponema.ds2500000-reads | B43: 1 | C43: 1 | D43: 3
A44: 24141_6#14.Treponema.ds2500000-reads | B44: 1 | C44: 1 | D44: 2
A45: 24141_6#15.Treponema.ds2500000-reads | B45: 1 | C45: 1 | D45: 2
A46: 24141_6#17.Treponema.ds2500000-reads | B46: 1 | C46: 1 | D46: 2
A47: 24141_6#18.Treponema.ds2500000-reads | B47: 22 | C47: 1 | D47: 1
A48: 24141_6#19.Treponema.ds2500000-reads | B48: 1 | C48: 3 | D48: 1
A49: 24141_6#1.Treponema.ds2500000-reads | B49: 1 | C49: 1 | D49: 2
A50: 24141_6#20.Treponema.ds2500000-reads | B50: 22 | C50: 1 | D50: 3
A51: 24141_6#2.Treponema.ds2500000-reads | B51: 1 | C51: 1 | D51: 3
A52: 24141_6#3.Treponema.ds2500000-reads | B52: 1 | C52: 3 | D52: 1
A53: 24141_6#4.Treponema.ds2500000-reads | B53: 1 | C53: 1 | D53: 3
... A83: 27455_1#11.Treponema.ds2500000-reads | B83: 1 | C83: 1 | D83: 1
A84: 27455_1#12.Treponema.ds2500000-reads | B84: - | C84: 2 | D84: 3
A85: 27455_1#15.Treponema.ds1811142-reads | B85: - | C85: - | D85: 3
A86: 27455_1#16.Treponema.ds1926466-reads | B86: 28 | C86: 81 | D86: 10
A87: 27455_1#18.Treponema.ds2379833-reads | B87: - | C87: 2 | D87: 3
A88: 27455_1#19.Treponema.ds1356696-reads | B88: - | C88: 2 | D88: 3
A89: 27455_1#1.Treponema.ds2500000-reads | B89: 1 | C89: 3 | D89: 1
A90: 27455_1#20.Treponema.ds2500000-reads | B90: 28 | C90: 2 | D90: 3
A91: 27455_1#21.Treponema.ds2500000-reads | B91: - | C91: - | D91: 3
A92: 27455_1#22.Treponema.ds2500000-reads | B92: 28 | C92: 7 | D92: 3
A93: 27455_1#23.Treponema.ds2500000-reads | B93: 3 | C93: 2 | D93: 3
A94: 27455_1#24.Treponema.ds2500000-reads | B94: 9 | C94: 7 | D94: 3
A95: 27455_1#25.Treponema.ds2500000-reads | B95: 3 | C95: 2 | D95: 3
A96: 27455_1#26.Treponema.ds2500000-reads | B96: 3 | C96: 2 | D96: 3
A97: 27455_1#27.Treponema.ds2500000-reads | B97: - | C97: 2 | D97: 3
A98: 27455_1#28.Treponema.ds2500000-reads | B98: - | C98: 2 | D98: 3
A99: 27455_1#29.Treponema.ds2500000-reads | B99: 3 | C99: 2 | D99: -
A100: 27455_1#2.Treponema.ds2500000-reads | B100: 1 | C100: 3 | D100: 1
A101: 27455_1#30.Treponema.ds2500000-reads | B101: 28 | C101: 2 | D101: 3
A102: 27455_1#31.Treponema.ds2500000-reads | B102: 1 | C102: 3 | D102: 1
A103: 27455_1#33.Treponema.ds2500000-reads | B103: - | C103: - | D103: 10
A104: 27455_1#34.Treponema.ds1615846-reads | B104: - | C104: - | D104: 10
A105: 27455_1#35.Treponema.ds1996686-reads | B105: - | C105: - | D105: 10
A106: 27455_1#36.Treponema.ds2257535-reads | B106: - | C106: - | D106: 10
A107: 27455_1#38.Treponema.ds2500000-reads | B107: - | C107: - | D107: 10
A108: 27455_1#39.Treponema.ds1964426-reads | B108: - | C108: - | D108: 10
A109: 27455_1#3.Treponema.ds2500000-reads | B109: 3 | C109: 2 | D109: 3
A110: 27455_1#43.Treponema.ds2185158-reads | B110: - | C110: - | D110: 10
A111: 27455_1#46.Treponema.ds2500000-reads | B111: - | C111: - | D111: 10
A112: 27455_1#4.Treponema.ds2500000-reads | B112: 3 | C112: 2 | D112: 3
A113: 27455_1#5.Treponema.ds2500000-reads | B113: 3 | C113: 2 | D113: 3
A114: 27455_1#6.Treponema.ds1998946-reads | B114: 3 | C114: 2 | D114: -
A115: 27455_1#7.Treponema.ds2500000-reads | B115: 1 | C115: 55 | D115: 1
A116: 27455_1#8.Treponema.ds2500000-reads | B116: 3 | C116: 2 | D116: 3
A117: 27455_1#9.Treponema.ds2500000-reads | B117: 3 | C117: 2 | D117: 3
A118: 27455_2#10.Treponema.ds2500000-reads | B118: - | C118: 2 | D118: 3
A119: 27455_2#11.Treponema.ds2252752-reads | B119: - | C119: 2 | D119: 3
A120: 27455_2#12.Treponema.ds1988448-reads | B120: 3 | C120: 2 | D120: 3
A121: 27455_2#13.Treponema.ds1801457-reads | B121: 3 | C121: 2 | D121: 3
A122: 27455_2#14.Treponema.ds2500000-reads | B122: 1 | C122: 3 | D122: 1
A123: 27455_2#16.Treponema.ds2500000-reads | B123: 1 | C123: 3 | D123: 1
A124: 27455_2#17.Treponema.ds2500000-reads | B124: 1 | C124: - | D124: 1
A125: 27455_2#18.Treponema.ds2500000-reads | B125: 1 | C125: 3 | D125: 1
A126: 27455_2#19.Treponema.ds2500000-reads | B126: 1 | C126: 1 | D126: 1
A127: 27455_2#1.Treponema.ds2500000-reads | B127: 1 | C127: 3 | D127: 1
A128: 27455_2#20.Treponema.ds2500000-reads | B128: 1 | C128: 3 | D128: 1
A129: 27455_2#21.Treponema.ds2500000-reads | B129: 22 | C129: 3 | D129: 1
A130: 27455_2#23.Treponema.ds2500000-reads | B130: 1 | C130: 3 | D130: 1
A131: 27455_2#26.Treponema.ds2500000-reads | B131: 1 | C131: 3 | D131: 1
A132: 27455_2#28.Treponema.ds2500000-reads | B132: 1 | C132: 3 | D132: 1
A133: 27455_2#29.Treponema.ds2500000-reads | B133: 1 | C133: 1 | D133: 1
A134: 27455_2#2.Treponema.ds2500000-reads | B134: 9 | C134: 2 | D134: -
A135: 27455_2#30.Treponema.ds2500000-reads | B135: 1 | C135: 3 | D135: 1
A136: 27455_2#31.Treponema.ds2500000-reads | B136: 1 | C136: 3 | D136: 1
...

Sheet TP-Disc-paper__Metadata_Link
A1: Sample_Name | B1: Sanger_Lane_ID_raw | C1: Cleaned_fastq_id | D1: SRR/ENA_Accession | E1: Species | F1: TP0136 | G1: TP0548 | H1: TP0705 | I1: ST (MLST (Grillová)) | J1: ariba_TP0136 | K1: ariba_TP0548 | L1: ariba_TP0705 | M1: ariba_ST | N1: blast_TP0136 | O1: blast_TP0548 | P1: blast_TP0705 | Q1: Combined_TP136 | R1: Combined_TP0548 | S1: Combined_TP0705 | T1: Combined_ST | U1: pub+ariba_TP136 | V1: pub+ariba_TP0548 | W1: pub+ariba_TP0705 | X1: pub+ariba_ST | Y1: blast+ariba_TP136 | Z1: blast+ariba_TP548 | AA1: blast+ariba_TP705 | AB1: Consensus_TP136 | AC1: Consensus_TP0548 | AD1: Consensus_TP0705 | AE1: Consensus_ST
A2: B3 | B2: SRR2996728 | C2: SRR2996728.Treponema.ds225397-reads | D2: SRR2996728 | E2: TPA | F2: 1 | G2: 1 | H2: 8 | I2: 3 | J2: 1 | K2: 1 | L2: 8 | M2: 3 | N2: 1 | O2: 1 | P2: 8 | Q2: 1 | R2: 1 | S2: 8 | T2: =IF(I2=M2,I2,"other") -> 3 | U2: Agreement | V2: Agreement | W2: Agreement | X2: Agreement | Y2: Agreement | Z2: Agreement | AA2: Agreement | AB2: 1 | AC2: 1 | AD2: 8 | AE2: 3
A3: CW56 | B3: SRR8501162.not-sapiens | C3: SRR8501162.ds2012532-reads | D3: SRR8501162 | E3: TPA | F3: 1 | G3: 3 | H3: 1 | I3: 1 | J3: 1 | K3: 3 | L3: 1 | M3: 1 | N3: - | O3: 3 | P3: 1 | Q3: 1 | R3: 3 | S3: 1 | T3: =IF(I3=M3,I3,"other") -> 1 | U3: Agreement | V3: Agreement | W3: Agreement | X3: Agreement | Y3: other | Z3: Agreement | AA3: Agreement | AB3: 1 | AC3: 3 | AD3: 1 | AE3: 1
A4: K3 | B4: SRR2996730 | C4: SRR2996730.Treponema.ds1809764-reads | D4: SRR2996730 | E4: TPA | F4: 1 | G4: 1 | H4: 8 | I4: 3 | J4: 1 | K4: 1 | L4: 8 | M4: 3 | N4: - | O4: 1 | P4: 8 | Q4: 1 | R4: 1 | S4: 8 | T4: =IF(I4=M4,I4,"other") -> 3 | U4: Agreement | V4: Agreement | W4: Agreement | X4: Agreement | Y4: other | Z4: Agreement | AA4: Agreement | AB4: 1 | AC4: 1 | AD4: 8 | AE4: 3
A5: PHE130039A | B5: 27455_3#4 | C5: 27455_3#4.Treponema.ds2500000-reads | D5: ERR3684522 | E5: TPA | F5: 1 | G5: 17 | H5: 9 | I5: 28 | J5: 1 | K5: 17 | L5: 9 | M5: 28 | N5: 1 | O5: 17 | P5: 9 | Q5: 1 | R5: 17 | S5: 9 | T5: =IF(I5=M5,I5,"other") -> 28 | U5: Agreement | V5: Agreement | W5: Agreement | X5: Agreement | Y5: Agreement | Z5: Agreement | AA5: Agreement | AB5: 1 | AC5: 17 | AD5: 9 | AE5: 28
A6: PHE150153A | B6: 27455_4#17 | C6: 27455_4#17.Treponema.ds2500000-reads | D6: ERR3684580 | E6: TPA | F6: 1 | G6: 3 | H6: 1 | I6: 1 | J6: 1 | K6: 3 | L6: 1 | M6: 1 | N6: 1 | O6: 3 | P6: 1 | Q6: 1 | R6: 3 | S6: 1 | T6: =IF(I6=M6,I6,"other") -> 1 | U6: Agreement | V6: Agreement | W6: Agreement | X6: Agreement | Y6: Agreement | Z6: Agreement | AA6: Agreement | AB6: 1 | AC6: 3 | AD6: 1 | AE6: 1
A7: PHE150159A | B7: 27455_6#15 | C7: 27455_6#15.Treponema.ds2500000-reads | D7: ERR3684666 | E7: TPA | F7: 1 | G7: 1 | H7: 9 | I7: 27 | J7: 1 | K7: 1 | L7: 9 | M7: 27 | N7: - | O7: 1 | P7: 9 | Q7: 1 | R7: 1 | S7: 9 | T7: =IF(I7=M7,I7,"other") -> 27 | U7: Agreement | V7: Agreement | W7: Agreement | X7: Agreement | Y7: other | Z7: Agreement | AA7: Agreement | AB7: 1 | AC7: 1 | AD7: 9 | AE7: 27
A8: PHE160203A | B8: 27455_2#14 | C8: 27455_2#14.Treponema.ds2500000-reads | D8: ERR3684495 | E8: TPA | F8: 1 | G8: 3 | H8: 1 | I8: 1 | J8: 1 | K8: 3 | L8: 1 | M8: 1 | N8: 1 | O8: 3 | P8: 1 | Q8: 1 | R8: 3 | S8: 1 | T8: =IF(I8=M8,I8,"other") -> 1 | U8: Agreement | V8: Agreement | W8: Agreement | X8: Agreement | Y8: Agreement | Z8: Agreement | AA8: Agreement | AB8: 1 | AC8: 3 | AD8: 1 | AE8: 1
A9: PHE160280A | B9: 27455_2#23 | C9: 27455_2#23.Treponema.ds2500000-reads | D9: ERR3684504 | E9: TPA | F9: 1 | G9: 3 | H9: 1 | I9: 1 | J9: 1 | K9: 3 | L9: 1 | M9: 1 | N9: 1 | O9: 3 | P9: 1 | Q9: 1 | R9: 3 | S9: 1 | T9: =IF(I9=M9,I9,"other") -> 1 | U9: Agreement | V9: Agreement | W9: Agreement | X9: Agreement | Y9: Agreement | Z9: Agreement | AA9: Agreement | AB9: 1 | AC9: 3 | AD9: 1 | AE9: 1
A10: PHE160312A | B10: 27455_2#28 | C10: 27455_2#28.Treponema.ds2500000-reads | D10: ERR3684509 | E10: TPA | F10: 1 | G10: 3 | H10: 1 | I10: 1 | J10: 1 | K10: 3 | L10: 1 | M10: 1 | N10: 1 | O10: 3 | P10: 1 | Q10: 1 | R10: 3 | S10: 1 | T10: =IF(I10=M10,I10,"other") -> 1 | U10: Agreement | V10: Agreement | W10: Agreement | X10: Agreement | Y10: Agreement | Z10: Agreement | AA10: Agreement | AB10: 1 | AC10: 3 | AD10: 1 | AE10: 1
A11: PT_SIF0697 | B11: SRR3571774 | C11: SRR3571774.Treponema.ds281646-reads | D11: SRR3571774 | E11: TPA | F11: 1 | G11: 1 | H11: 1 | I11: 2 | J11: 1 | K11: 1 | L11: 1 | M11: 2 | N11: 1 | O11: 1 | P11: 1 | Q11: 1 | R11: 1 | S11: 1 | T11: =IF(I11=M11,I11,"other") -> 2 | U11: Agreement | V11: Agreement | W11: Agreement | X11: Agreement | Y11: Agreement | Z11: Agreement | AA11: Agreement | AB11: 1 | AC11: 1 | AD11: 1 | AE11: 2
A12: PT_SIF0877_3 | B12: SRR3571775 | C12: SRR3571775.Treponema.ds572707-reads | D12: SRR3571775 | E12: TPA | F12: 1 | G12: 3 | H12: 1 | I12: 1 | J12: 1 | K12: 3 | L12: 1 | M12: 1 | N12: 1 | O12: 3 | P12: 1 | Q12: 1 | R12: 3 | S12: 1 | T12: =IF(I12=M12,I12,"other") -> 1 | U12: Agreement | V12: Agreement | W12: Agreement | X12: Agreement | Y12: Agreement | Z12: Agreement | AA12: Agreement | AB12: 1 | AC12: 3 | AD12: 1 | AE12: 1
A13: PT_SIF0954 | B13: SRR3571778 | C13: SRR3571778.Treponema.ds1267709-reads | D13: SRR3571778 | E13: TPA | F13: 1 | G13: 3 | H13: 1 | I13: 1 | J13: 1 | K13: 3 | L13: 1 | M13: 1 | N13: 1 | O13: 3 | P13: 1 | Q13: 1 | R13: 3 | S13: 1 | T13: =IF(I13=M13,I13,"other") -> 1 | U13: Agreement | V13: Agreement | W13: Agreement | X13: Agreement | Y13: Agreement | Z13: Agreement | AA13: Agreement | AB13: 1 | AC13: 3 | AD13: 1 | AE13: 1
A14: PT_SIF1063 | B14: SRR3571786 | C14: SRR3571786.Treponema.ds277675-reads | D14: SRR3571786 | E14: TPA | F14: 1 | G14: 1 | H14: 1 | I14: 2 | J14: 1 | K14: 1 | L14: 1 | M14: 2 | N14: 1 | O14: 1 | P14: 1 | Q14: 1 | R14: 1 | S14: 1 | T14: =IF(I14=M14,I14,"other") -> 2 | U14: Agreement | V14: Agreement | W14: Agreement | X14: Agreement | Y14: Agreement | Z14: Agreement | AA14: Agreement | AB14: 1 | AC14: 1 | AD14: 1 | AE14: 2
A15: PT_SIF1142 | B15: SRR3584839 | C15: SRR3584839.Treponema.ds280471-reads | D15: SRR3584839 | E15: TPA | F15: 1 | G15: 3 | H15: 1 | I15: 1 | J15: 1 | K15: 3 | L15: 1 | M15: 1 | N15: 1 | O15: 3 | P15: 1 | Q15: 1 | R15: 3 | S15: 1 | T15: =IF(I15=M15,I15,"other") -> 1 | U15: Agreement | V15: Agreement | W15: Agreement | X15: Agreement | Y15: Agreement | Z15: Agreement | AA15: Agreement | AB15: 1 | AC15: 3 | AD15: 1 | AE15: 1
A16: PT_SIF1156 | B16: SRR3584840 | C16: SRR3584840.Treponema.ds2500000-reads | D16: SRR3584840 | E16: TPA | F16: 1 | G16: 1 | H16: 1 | I16: 2 | J16: 1 | K16: 1 | L16: 1 | M16: 2 | N16: 1 | O16: 1 | P16: 1 | Q16: 1 | R16: 1 | S16: 1 | T16: =IF(I16=M16,I16,"other") -> 2 | U16: Agreement | V16: Agreement | W16: Agreement | X16: Agreement | Y16: Agreement | Z16: Agreement | AA16: Agreement | AB16: 1 | AC16: 1 | AD16: 1 | AE16: 2
A17: PT_SIF1167 | B17: SRR3584841 | C17: SRR3584841.Treponema.ds482744-reads | D17: SRR3584841 | E17: TPA | F17: 1 | G17: 1 | H17: 1 | I17: 2 | J17: 1 | K17: 1 | L17: 1 | M17: 2 | N17: 1 | O17: 1 | P17: 1 | Q17: 1 | R17: 1 | S17: 1 | T17: =IF(I17=M17,I17,"other") -> 2 | U17: Agreement | V17: Agreement | W17: Agreement | X17: Agreement | Y17: Agreement | Z17: Agreement | AA17: Agreement | AB17: 1 | AC17: 1 | AD17: 1 | AE17: 2
A18: PT_SIF1200 | B18: SRR3584844 | C18: SRR3584844.Treponema.ds1533577-reads | D18: SRR3584844 | E18: TPA | F18: 1 | G18: 3 | H18: 1 | I18: 1 | J18: 1 | K18: 3 | L18: 1 | M18: 1 | N18: 1 | O18: 3 | P18: 1 | Q18: 1 | R18: 3 | S18: 1 | T18: =IF(I18=M18,I18,"other") -> 1 | U18: Agreement | V18: Agreement | W18: Agreement | X18: Agreement | Y18: Agreement | Z18: Agreement | AA18: Agreement | AB18: 1 | AC18: 3 | AD18: 1 | AE18: 1
A19: PT_SIF1261 | B19: SRR3584875 | C19: SRR3584875.Treponema.ds1968237-reads | D19: SRR3584875 | E19: TPA | F19: 1 | G19: 3 | H19: 1 | I19: 1 | J19: 1 | K19: 3 | L19: 1 | M19: 1 | N19: 1 | O19: 3 | P19: 1 | Q19: 1 | R19: 3 | S19: 1 | T19: =IF(I19=M19,I19,"other") -> 1 | U19: Agreement | V19: Agreement | W19: Agreement | X19: Agreement | Y19: Agreement | Z19: Agreement | AA19: Agreement | AB19: 1 | AC19: 3 | AD19: 1 | AE19: 1
... A35: TPA_BCC130 | B35: 31818_2#4 | C35: 31818_2#4.Treponema.ds2500000-reads | D35: ERR4853553 | E35: TPA | F35: 1 | G35: 17 | H35: 9 | I35: 28 | J35: 1 | K35: 17 | L35: 9 | M35: 28 | N35: 1 | O35: 17 | P35: 9 | Q35: 1 | R35: 17 | S35: 9 | T35: =IF(I35=M35,I35,"other") -> 28 | U35: Agreement | V35: Agreement | W35: Agreement | X35: Agreement | Y35: Agreement | Z35: Agreement | AA35: Agreement | AB35: 1 | AC35: 17 | AD35: 9 | AE35: 28
A36: TPA_BCC134 | B36: 31963_2#10 | C36: 31963_2#10.Treponema.ds2500000-reads | D36: ERR4993355 | E36: TPA | F36: 1 | G36: 3 | H36: 3 | I36: 61 | J36: 1 | K36: 3 | L36: 3 | M36: 61 | N36: - | O36: 3 | P36: 3 | Q36: 1 | R36: 3 | S36: 3 | T36: =IF(I36=M36,I36,"other") -> 61 | U36: Agreement | V36: Agreement | W36: Agreement | X36: Agreement | Y36: other | Z36: Agreement | AA36: Agreement | AB36: 1 | AC36: 3 | AD36: 3 | AE36: 61
A37: TPA_BCC139 | B37: 31818_1#15 | C37: 31818_1#15.Treponema.ds2500000-reads | D37: ERR4853541 | E37: TPA | F37: 1 | G37: 17 | H37: 9 | I37: 28 | J37: 1 | K37: 17 | L37: 9 | M37: 28 | N37: 1 | O37: 17 | P37: 9 | Q37: 1 | R37: 17 | S37: 9 | T37: =IF(I37=M37,I37,"other") -> 28 | U37: Agreement | V37: Agreement | W37: Agreement | X37: Agreement | Y37: Agreement | Z37: Agreement | AA37: Agreement | AB37: 1 | AC37: 17 | AD37: 9 | AE37: 28
A38: TPA_BCC147 | B38: 31818_2#7 | C38: 31818_2#7.Treponema.ds1886502-reads | D38: ERR4853556 | E38: TPA | F38: 1 | G38: 3 | H38: 1 | I38: 1 | J38: 1 | K38: 3 | L38: 1 | M38: 1 | N38: 1 | O38: 3 | P38: 1 | Q38: 1 | R38: 3 | S38: 1 | T38: =IF(I38=M38,I38,"other") -> 1 | U38: Agreement | V38: Agreement | W38: Agreement | X38: Agreement | Y38: Agreement | Z38: Agreement | AA38: Agreement | AB38: 1 | AC38: 3 | AD38: 1 | AE38: 1
A39: TPA_BCC157 | B39: 31818_1#18 | C39: 31818_1#18.Treponema.ds2500000-reads | D39: ERR4853544 | E39: TPA | F39: 1 | G39: 3 | H39: 1 | I39: 1 | J39: 1 | K39: 3 | L39: 1 | M39: 1 | N39: 1 | O39: 3 | P39: 1 | Q39: 1 | R39: 3 | S39: 1 | T39: =IF(I39=M39,I39,"other") -> 1 | U39: Agreement | V39: Agreement | W39: Agreement | X39: Agreement | Y39: Agreement | Z39: Agreement | AA39: Agreement | AB39: 1 | AC39: 3 | AD39: 1 | AE39: 1
A40: TPA_BCC163 | B40: 31818_1#19 | C40: 31818_1#19.Treponema.ds2500000-reads | D40: ERR4853545 | E40: TPA | F40: 1 | G40: 3 | H40: 1 | I40: 1 | J40: 1 | K40: 3 | L40: 1 | M40: 1 | N40: 1 | O40: 3 | P40: 1 | Q40: 1 | R40: 3 | S40: 1 | T40: =IF(I40=M40,I40,"other") -> 1 | U40: Agreement | V40: Agreement | W40: Agreement | X40: Agreement | Y40: Agreement | Z40: Agreement | AA40: Agreement | AB40: 1 | AC40: 3 | AD40: 1 | AE40: 1
A41: TPA_BCC175 | B41: 31818_2#11 | C41: 31818_2#11.Treponema.ds2500000-reads | D41: ERR4853560 | E41: TPA | F41: 1 | G41: 3 | H41: 1 | I41: 1 | J41: 1 | K41: 3 | L41: 1 | M41: 1 | N41: 1 | O41: 3 | P41: 1 | Q41: 1 | R41: 3 | S41: 1 | T41: =IF(I41=M41,I41,"other") -> 1 | U41: Agreement | V41: Agreement | W41: Agreement | X41: Agreement | Y41: Agreement | Z41: Agreement | AA41: Agreement | AB41: 1 | AC41: 3 | AD41: 1 | AE41: 1
A42: TPA_BCC181 | B42: 31818_2#12 | C42: 31818_2#12.Treponema.ds2121900-reads | D42: ERR4853561 | E42: TPA | F42: 1 | G42: 3 | H42: 1 | I42: 1 | J42: 1 | K42: 3 | L42: 1 | M42: 1 | N42: 1 | O42: 3 | P42: 1 | Q42: 1 | R42: 3 | S42: 1 | T42: =IF(I42=M42,I42,"other") -> 1 | U42: Agreement | V42: Agreement | W42: Agreement | X42: Agreement | Y42: Agreement | Z42: Agreement | AA42: Agreement | AB42: 1 | AC42: 3 | AD42: 1 | AE42: 1
A43: TPA_BCC186 | B43: 31818_3#27 | C43: 31818_3#27.Treponema.ds2488018-reads | D43: ERR4853597 | E43: TPA | F43: 1 | G43: 3 | H43: 1 | I43: 1 | J43: 1 | K43: 3 | L43: 1 | M43: 1 | N43: 1 | O43: 3 | P43: 1 | Q43: 1 | R43: 3 | S43: 1 | T43: =IF(I43=M43,I43,"other") -> 1 | U43: Agreement | V43: Agreement | W43: Agreement | X43: Agreement | Y43: Agreement | Z43: Agreement | AA43: Agreement | AB43: 1 | AC43: 3 | AD43: 1 | AE43: 1
A44: TPA_BCC187 | B44: 31818_1#21 | C44: 31818_1#21.Treponema.ds2500000-reads | D44: ERR4853547 | E44: TPA | F44: 1 | G44: 3 | H44: 1 | I44: 1 | J44: 1 | K44: 3 | L44: 1 | M44: 1 | N44: 1 | O44: 3 | P44: 1 | Q44: 1 | R44: 3 | S44: 1 | T44: =IF(I44=M44,I44,"other") -> 1 | U44: Agreement | V44: Agreement | W44: Agreement | X44: Agreement | Y44: Agreement | Z44: Agreement | AA44: Agreement | AB44: 1 | AC44: 3 | AD44: 1 | AE44: 1
A45: TPA_BCC196 | B45: 31818_3#13 | C45: 31818_3#13.Treponema.ds2500000-reads | D45: ERR4853585 | E45: TPA | F45: 1 | G45: 3 | H45: 1 | I45: 1 | J45: 1 | K45: 3 | L45: 1 | M45: 1 | N45: 1 | O45: 3 | P45: 1 | Q45: 1 | R45: 3 | S45: 1 | T45: =IF(I45=M45,I45,"other") -> 1 | U45: Agreement | V45: Agreement | W45: Agreement | X45: Agreement | Y45: Agreement | Z45: Agreement | AA45: Agreement | AB45: 1 | AC45: 3 | AD45: 1 | AE45: 1
A46: TPA_BCC199 | B46: 31818_3#14 | C46: 31818_3#14.Treponema.ds2500000-reads | D46: ERR4853586 | E46: TPA | F46: 1 | G46: 3 | H46: 1 | I46: 1 | J46: 1 | K46: 3 | L46: 1 | M46: 1 | N46: 1 | O46: 3 | P46: 1 | Q46: 1 | R46: 3 | S46: 1 | T46: =IF(I46=M46,I46,"other") -> 1 | U46: Agreement | V46: Agreement | W46: Agreement | X46: Agreement | Y46: Agreement | Z46: Agreement | AA46: Agreement | AB46: 1 | AC46: 3 | AD46: 1 | AE46: 1
A47: TPA_OMI002 | B47: 31818_5#3 | C47: 31818_5#3.Treponema.ds2500000-reads | D47: ERR4853631 | E47: TPA | F47: 1 | G47: 17 | H47: 9 | I47: 28 | J47: 1 | K47: 17 | L47: 9 | M47: 28 | N47: 1 | O47: 17 | P47: 9 | Q47: 1 | R47: 17 | S47: 9 | T47: =IF(I47=M47,I47,"other") -> 28 | U47: Agreement | V47: Agreement | W47: Agreement | X47: Agreement | Y47: Agreement | Z47: Agreement | AA47: Agreement | AB47: 1 | AC47: 17 | AD47: 9 | AE47: 28
A48: TPA_OMI015 | B48: 31822_1#29 | C48: 31822_1#29.Treponema.ds2500000-reads | D48: ERR4899216 | E48: TPA | F48: 1 | G48: 3 | H48: 1 | I48: 1 | J48: 1 | K48: 3 | L48: 1 | M48: 1 | N48: 1 | O48: 3 | P48: 1 | Q48: 1 | R48: 3 | S48: 1 | T48: =IF(I48=M48,I48,"other") -> 1 | U48: Agreement | V48: Agreement | W48: Agreement | X48: Agreement | Y48: Agreement | Z48: Agreement | AA48: Agreement | AB48: 1 | AC48: 3 | AD48: 1 | AE48: 1
... A61: PHE150145A | B61: 27455_1#5 | C61: 27455_1#5.Treponema.ds2500000-reads | D61: ERR3684454 | E61: TPA | F61: 3 | G61: 2 | H61: 3 | I61: 6 | J61: 3 | K61: 2 | L61: 3 | M61: 6 | N61: 3 | O61: 2 | P61: 3 | Q61: 3 | R61: 2 | S61: 3 | T61: =IF(I61=M61,I61,"other") -> 6 | U61: Agreement | V61: Agreement | W61: Agreement | X61: Agreement | Y61: Agreement | Z61: Agreement | AA61: Agreement | AB61: 3 | AC61: 2 | AD61: 3 | AE61: 6
A62: PHE150149A | B62: 27455_2#10 | C62: 27455_2#10.Treponema.ds2500000-reads | D62: ERR3684491 | E62: TPA | F62: 3 | G62: 2 | H62: 3 | I62: 6 | J62: 3 | K62: 2 | L62: 3 | M62: 6 | N62: - | O62: 2 | P62: 3 | Q62: 3 | R62: 2 | S62: 3 | T62: =IF(I62=M62,I62,"other") -> 6 | U62: Agreement | V62: Agreement | W62: Agreement | X62: Agreement | Y62: other | Z62: Agreement | AA62: Agreement | AB62: 3 | AC62: 2 | AD62: 3 | AE62: 6
A63: TPA_BCC081 | B63: 31818_1#4 | C63: 31818_1#4.Treponema.ds1036532-reads | D63: ERR4853530 | E63: TPA | F63: 3 | G63: 2 | H63: 3 | I63: 6 | J63: 3 | K63: 2 | L63: 3 | M63: 6 | N63: - | O63: 2 | P63: - | Q63: 3 | R63: 2 | S63: 3 | T63: =IF(I63=M63,I63,"other") -> 6 | U63: Agreement | V63: Agreement | W63: Agreement | X63: Agreement | Y63: other | Z63: Agreement | AA63: other | AB63: 3 | AC63: 2 | AD63: 3 | AE63: 6
A64: TPA_HUN190020 | B64: 35190_3#12 | C64: 35190_3#12.Treponema.ds2500000-reads | D64: ERR5207017 | E64: TPA | F64: 3 | G64: 2 | H64: 3 | I64: 6 | J64: 3 | K64: 2 | L64: 3 | M64: 6 | N64: 3 | O64: 2 | P64: 3 | Q64: 3 | R64: 2 | S64: 3 | T64: =IF(I64=M64,I64,"other") -> 6 | U64: Agreement | V64: Agreement | W64: Agreement | X64: Agreement | Y64: Agreement | Z64: Agreement | AA64: Agreement | AB64: 3 | AC64: 2 | AD64: 3 | AE64: 6
A65: PT_SIF0857 | B65: SRR3584965 | C65: SRR3584965.Treponema.ds405074-reads | D65: SRR3584965 | E65: TPA | F65: 7 | G65: 1 | H65: 9 | I65: 4 | J65: 7 | K65: 1 | L65: 9 | M65: 4 | N65: 7 | O65: 1 | P65: 9 | Q65: 7 | R65: 1 | S65: 9 | T65: =IF(I65=M65,I65,"other") -> 4 | U65: Agreement | V65: Agreement | W65: Agreement | X65: Agreement | Y65: Agreement | Z65: Agreement | AA65: Agreement | AB65: 7 | AC65: 1 | AD65: 9 | AE65: 4
A66: PT_SIF1002 | B66: SRR3571783 | C66: SRR3571783.Treponema.ds1307932-reads | D66: SRR3571783 | E66: TPA | F66: 7 | G66: 1 | H66: 9 | I66: 4 | J66: 7 | K66: 1 | L66: 9 | M66: 4 | N66: 7 | O66: 1 | P66: 9 | Q66: 7 | R66: 1 | S66: 9 | T66: =IF(I66=M66,I66,"other") -> 4 | U66: Agreement | V66: Agreement | W66: Agreement | X66: Agreement | Y66: Agreement | Z66: Agreement | AA66: Agreement | AB66: 7 | AC66: 1 | AD66: 9 | AE66: 4
A67: PT_SIF1196 | B67: SRR3584843 | C67: SRR3584843.Treponema.ds2500000-reads | D67: SRR3584843 | E67: TPA | F67: 7 | G67: 1 | H67: 9 | I67: 4 | J67: 7 | K67: 1 | L67: 9 | M67: 4 | N67: 7 | O67: 1 | P67: 9 | Q67: 7 | R67: 1 | S67: 9 | T67: =IF(I67=M67,I67,"other") -> 4 | U67: Agreement | V67: Agreement | W67: Agreement | X67: Agreement | Y67: Agreement | Z67: Agreement | AA67: Agreement | AB67: 7 | AC67: 1 | AD67: 9 | AE67: 4
A68: PT_SIF1242 | B68: SRR3584845 | C68: SRR3584845.Treponema.ds2500000-reads | D68: SRR3584845 | E68: TPA | F68: 7 | G68: 1 | H68: 9 | I68: 4 | J68: 7 | K68: 1 | L68: 9 | M68: 4 | N68: 7 | O68: 1 | P68: 9 | Q68: 7 | R68: 1 | S68: 9 | T68: =IF(I68=M68,I68,"other") -> 4 | U68: Agreement | V68: Agreement | W68: Agreement | X68: Agreement | Y68: Agreement | Z68: Agreement | AA68: Agreement | AB68: 7 | AC68: 1 | AD68: 9 | AE68: 4
A69: TPA_USL-SEA-86-1 | B69: 31818_2#23 | C69: 31818_2#23.Treponema.ds2500000-reads | D69: ERR4853571 | E69: TPA | F69: 9 | G69: 7 | H69: 3 | I69: 26 | J69: 9 | K69: 7 | L69: 3 | M69: 26 | N69: 9 | O69: 7 | P69: 3 | Q69: 9 | R69: 7 | S69: 3 | T69: =IF(I69=M69,I69,"other") -> 26 | U69: Agreement | V69: Agreement | W69: Agreement | X69: Agreement | Y69: Agreement | Z69: Agreement | AA69: Agreement | AB69: 9 | AC69: 7 | AD69: 3 | AE69: 26
A70: TPA_AUSMELT-1 | B70: Melbourne-1 | C70: Melbourne-1.Treponema.ds1004132-reads | D70: SRR13721290 | E70: TPA | F70: 10 | G70: 14 | H70: 10 | I70: 20 | J70: 10 | K70: 14 | L70: 10 | M70: 20 | N70: 10 | O70: 14 | P70: 10 | Q70: 10 | R70: 14 | S70: 10 | T70: =IF(I70=M70,I70,"other") -> 20 | U70: Agreement | V70: Agreement | W70: Agreement | X70: Agreement | Y70: Agreement | Z70: Agreement | AA70: Agreement | AB70: 10 | AC70: 14 | AD70: 10 | AE70: 20
A71: DAL-1 | B71: NC_016844.1 | C71: NC_016844.1 | D71: NC_016844.1 | E71: TPA | F71: 11 | G71: 14 | H71: 10 | I71: 22 | J71: 11 | K71: 14 | L71: 10 | M71: 22 | N71: #N/A | O71: #N/A | P71: #N/A | Q71: 11 | R71: 14 | S71: 10 | T71: =IF(I71=M71,I71,"other") -> 22 | U71: Agreement | V71: Agreement | W71: Agreement | X71: Agreement | Y71: #N/A | Z71: #N/A | AA71: #N/A | AB71: 11 | AC71: 14 | AD71: 10 | AE71: 22
A72: CW82 | B72: SRR8501167 | C72: SRR8501167.ds2500000-reads | D72: SRR8501167 | E72: TPA | F72: 15 | G72: 7 | H72: 3 | I72: 37 | J72: 15 | K72: 7 | L72: 3 | M72: 37 | N72: - | O72: 7 | P72: 3 | Q72: 15 | R72: 7 | S72: 3 | T72: =IF(I72=M72,I72,"other") -> 37 | U72: Agreement | V72: Agreement | W72: Agreement | X72: Agreement | Y72: other | Z72: Agreement | AA72: Agreement | AB72: 15 | AC72: 7 | AD72: 3 | AE72: 37
A73: PHE160264A | B73: 27455_2#21 | C73: 27455_2#21.Treponema.ds2500000-reads | D73: ERR3684502 | E73: TPA | F73: 22 | G73: 3 | H73: 1 | I73: 72 | J73: 22 | K73: 3 | L73: 1 | M73: 72 | N73: 22 | O73: 3 | P73: 1 | Q73: 22 | R73: 3 | S73: 1 | T73: =IF(I73=M73,I73,"other") -> 72 | U73: Agreement | V73: Agreement | W73: Agreement | X73: Agreement | Y73: Agreement | Z73: Agreement | AA73: Agreement | AB73: 22 | AC73: 3 | AD73: 1 | AE73: 72
A74: C3 | B74: SRR2996729 | C74: SRR2996729.Treponema.ds1156472-reads | D74: SRR2996729 | E74: TPA | F74: 1 | G74: 0 | H74: 8 | I74: 0 | J74: 1 | K74: 56 | L74: 8 | M74: 77 | N74: - | O74: 56 | P74: 8 | Q74: 1 | R74: other | S74: 8 | T74: =IF(I74=M74,I74,"other") -> other | U74: Agreement | W74: Agreement | Y74: other | Z74: Agreement | AA74: Agreement | AB74: 1 | AC74: 56 | AD74: 8
A75: PHE120011A | B75: 27455_2#1 | C75: 27455_2#1.Treponema.ds2500000-reads | D75: ERR3684482 | E75: TPA | F75: 1 | G75: 0 | H75: 1 | I75: 0 | J75: 1 | K75: 3 | L75: 1 | M75: 1 | N75: 1 | O75: 3 | P75: 1 | Q75: 1 | R75: other | S75: 1 | T75: =IF(I75=M75,I75,"other") -> other | U75: Agreement | W75: Agreement | Y75: Agreement | Z75: Agreement | AA75: Agreement | AB75: 1 | AC75: 3 | AD75: 1
A76: PHE120021A | B76: 27455_3#2 | C76: 27455_3#2.Treponema.ds2500000-reads | D76: ERR3684520 | E76: TPA | F76: 1 | G76: 0 | H76: 1 | I76: 0 | J76: 1 | K76: 3 | L76: 1 | M76: 1 | N76: 1 | O76: 3 | P76: 1 | Q76: 1 | R76: other | S76: 1 | T76: =IF(I76=M76,I76,"other") -> other | U76: Agreement | W76: Agreement | Y76: Agreement | Z76: Agreement | AA76: Agreement | AB76: 1
A77: PHE120025A | B77: 27455_6#1 | C77: 27455_6#1.Treponema.ds2500000-reads | D77: ERR3684652 | E77: TPA | F77: 1 | G77: 0 | H77: 1 | I77: 0 | J77: 1 | K77: 80* | L77: 1 | M77: 121* | N77: 1 | O77: - | P77: 1 | Q77: 1 | R77: other | S77: 1 | T77: =IF(I77=M77,I77,"other") -> other | U77: Agreement | W77: Agreement | Y77: Agreement | Z77: other | AA77: Agreement | AB77: 1
A78: PHE130036A | B78: 27455_4#5 | C78: 27455_4#5.Treponema.ds2500000-reads | D78: ERR3684568 | E78: TPA | F78: 1 | G78: 0 | H78: 1 | I78: 0 | J78: 1 | K78: 3 | L78: 1 | M78: 1 | N78: 1 | O78: - | P78: 1 | Q78: 1 | R78: other | S78: 1 | T78: =IF(I78=M78,I78,"other") -> other | U78: Agreement | W78: Agreement | Y78: Agreement | Z78: other | AA78: Agreement | AB78: 1
A79: PHE130045A | B79: 27455_3#5 | C79: 27455_3#5.Treponema.ds2500000-reads | D79: ERR3684523 | E79: TPA | F79: 1 | G79: 0 | H79: 1 | I79: 0 | J79: 1 | K79: 3 | L79: 1 | M79: 1 | N79: 1 | O79: 3 | P79: 1 | Q79: 1 | R79: other | S79: 1 | T79: =IF(I79=M79,I79,"other") -> other | U79: Agreement | W79: Agreement | Y79: Agreement | Z79: Agreement | AA79: Agreement | AB79: 1
A80: PHE130047A | B80: 27455_4#6 | C80: 27455_4#6.Treponema.ds2500000-reads | D80: ERR3684569 | E80: TPA | F80: 1 | G80: 0 | H80: 1 | I80: 0 | J80: 1 | K80: 3 | L80: 1 | M80: 1 | N80: 1 | O80: - | P80: 1 | Q80: 1 | R80: other | S80: 1 | T80: =IF(I80=M80,I80,"other") -> other | U80: Agreement | W80: Agreement | Y80: Agreement | Z80: other | AA80: Agreement | AB80: 1
A81: PHE130053A | B81: 27455_5#5 | C81: 27455_5#5.Treponema.ds2500000-reads | D81: ERR3684613 | E81: TPA | F81: 1 | G81: 0 | H81: 1 | I81: 0 | J81: 1 | K81: 9* | L81: 1 | M81: 18* | N81: 1 | O81: 3 | P81: 1 | Q81: 1 | R81: other | S81: 1 | T81: =IF(I81=M81,I81,"other") -> other | U81: Agreement | W81: Agreement | Y81: Agreement | Z81: other | AA81: Agreement | AB81: 1
A82: PHE140073A | B82: 27455_4#10 | C82: 27455_4#10.Treponema.ds2500000-reads | D82: ERR3684573 | E82: TPA | F82: 1 | G82: 0 | H82: 10 | I82: 0 | J82: 1 | K82: 1 | L82: 10 | M82: 19 | N82: - | O82: 1 | P82: 10 | Q82: 1 | R82: other | S82: 10 | T82: =IF(I82=M82,I82,"other") -> other | U82: Agreement | W82: Agreement | Y82: other | Z82: Agreement | AA82: Agreement | AB82: 1
A83: PHE150110A | B83: 27455_3#10 | C83: 27455_3#10.Treponema.ds2500000-reads | D83: ERR3684528 | E83: TPA | F83: 1 | G83: 0 | H83: 1 | I83: 0 | J83: 1 | K83: 3 | L83: 1 | M83: 1 | N83: 1 | O83: 3 | P83: 1 | Q83: 1 | R83: other | S83: 1 | T83: =IF(I83=M83,I83,"other") -> other | U83: Agreement | W83: Agreement | Y83: Agreement | Z83: Agreement | AA83: Agreement | AB83: 1
A84: PHE160240A | B84: 27455_2#17 | C84: 27455_2#17.Treponema.ds2500000-reads | D84: ERR3684498 | E84: TPA | F84: 1 | G84: 0 | H84: 0 | I84: 0 | J84: 1 | K84: 16* | L84: 1* | M84: Novel* | N84: 1 | O84: - | P84: 1 | Q84: 1 | R84: other | S84: other | T84: =IF(I84=M84,I84,"other") -> other | U84: Agreement | Y84: Agreement | Z84: other | AA84: other | AB84: 1
A85: PHE160245A | B85: 27455_5#20 | C85: 27455_5#20.Treponema.ds2500000-reads | D85: ERR3684628 | E85: TPA | F85: 1 | G85: 0 | H85: 0 | I85: 0 | J85: 1 | K85: 64 | L85: 1 | M85: 89 | N85: #N/A | O85: #N/A | P85: #N/A | Q85: 1 | R85: other | S85: other | T85: =IF(I85=M85,I85,"other") -> other | U85: Agreement | Y85: #N/A | Z85: #N/A | AA85: #N/A | AB85: 1
A86: PHE160277A | B86: 27455_3#22 | C86: 27455_3#22.Treponema.ds2500000-reads | D86: ERR3684540 | E86: TPA | F86: 1 | G86: 1 | H86: 0 | I86: 0 | J86: 1 | K86: 1 | L86: 1 | M86: 2 | N86: 1 | O86: 1 | P86: - | Q86: 1 | R86: 1 | S86: other | T86: =IF(I86=M86,I86,"other") -> other | U86: Agreement | V86: Agreement | Y86: Agreement | Z86: Agreement | AA86: other | AB86: 1
A87: PHE160315A | B87: 27455_2#29 | C87: 27455_2#29.Treponema.ds2500000-reads | D87: ERR3684510 | E87: TPA | F87: 1 | G87: 0 | H87: 1 | I87: 0 | J87: 1 | K87: 1* | L87: 1 | M87: 2* | N87: 1 | O87: 1 | P87: 1 | Q87: 1 | R87: other | S87: 1 | T87: =IF(I87=M87,I87,"other") -> other | U87: Agreement | W87: Agreement | Y87: Agreement | Z87: other | AA87: Agreement | AB87: 1
A88: PHE170351A | B88: 27455_3#33 | C88: 27455_3#33.Treponema.ds2500000-reads | D88: ERR3684551 | E88: TPA | F88: 1 | G88: 0 | H88: 1 | I88: 0 | J88: 1 | K88: 3 | L88: 1 | M88: 1 | N88: 1 | O88: 3 | P88: 1 | Q88: 1 | R88: other | S88: 1 | T88: =IF(I88=M88,I88,"other") -> other | U88: Agreement | W88: Agreement | Y88: Agreement | Z88: Agreement | AA88: Agreement | AB88: 1
A89: PHE170352A | B89: 27455_3#34 | C89: 27455_3#34.Treponema.ds2500000-reads | D89: ERR3684552 | E89: TPA | F89: 1 | G89: 0 | H89: 1 | I89: 0 | J89: 1 | K89: 1 | L89: 1 | M89: 2 | N89: 1 | O89: 1 | P89: 1 | Q89: 1 | R89: other | S89: 1 | T89: =IF(I89=M89,I89,"other") -> other | U89: Agreement | W89: Agreement | Y89: Agreement | Z89: Agreement | AA89: Agreement | AB89: 1
A90: PHE170356A | B90: 27455_3#35 | C90: 27455_3#35.Treponema.ds2500000-reads | D90: ERR3684553 | E90: TPA | F90: 1 | G90: 0 | H90: 0 | I90: 0 | J90: 1 | K90: 3 | L90: 1 | M90: 1 | N90: 1 | O90: - | P90: 1 | Q90: 1 | R90: other | S90: other | T90: =IF(I90=M90,I90,"other") -> other | U90: Agreement | Y90: Agreement | Z90: other | AA90: Agreement | AB90: 1
A91: PHE170366A | B91: 27455_5#35 | C91: 27455_5#35.Treponema.ds2500000-reads | D91: ERR3684643 | E91: TPA | F91: 1 | G91: 0 | H91: 1 | I91: 0 | J91: 1 | K91: 8 | L91: 1 | M91: 14 | N91: 1 | O91: - | P91: 1 | Q91: 1 | R91: other | S91: 1 | T91: =IF(I91=M91,I91,"other") -> other | U91: Agreement | W91: Agreement | Y91: Agreement | Z91: other | AA91: Agreement | AB91: 1
A92: PHE170370A | B92: 27455_7#32 | C92: 27455_7#32.Treponema.ds2500000-reads | D92: ERR3684725 | E92: TPA | F92: 1 | G92: 3 | H92: 0 | I92: 0 | J92: 1 | K92: 3 | L92: 1 | M92: 1 | N92: 1 | O92: 3 | P92: 1 | Q92: 1 | R92: 3 | S92: other | T92: =IF(I92=M92,I92,"other") -> other | U92: Agreement | V92: Agreement | Y92: Agreement | Z92: Agreement | AA92: Agreement | AB92: 1
A93: PHE170384A | B93: 27455_3#39 | C93: 27455_3#39.Treponema.ds2500000-reads | D93: ERR3684557 | E93: TPA | F93: 1 | G93: 0 | H93: 1 | I93: 0 | J93: 1 | K93: 3* | L93: 1 | M93: 1* | N93: 1 | O93: - | P93: 1 | Q93: 1 | R93: other | S93: 1 | T93: =IF(I93=M93,I93,"other") -> other | U93: Agreement | W93: Agreement | Y93: Agreement | Z93: other | AA93: Agreement | AB93: 1
A94: PT_SIF1183 | B94: SRR3584842 | C94: SRR3584842.Treponema.ds1181556-reads | D94: SRR3584842 | E94: TPA | F94: 1 | G94: 1 | H94: 1 | I94: 2 | J94: 1 | K94: 1* | L94: 1 | M94: 2* | N94: 1 | O94: 1 | P94: 1 | Q94: 1 | R94: other | S94: 1 | T94: =IF(I94=M94,I94,"other") -> other | U94: Agreement | W94: Agreement | Y94: Agreement | Z94: other | AA94: Agreement | AB94: 1
A95: TPA_ALC005 | B95: 31818_2#14 | C95: 31818_2#14.Treponema.ds1197249-reads | D95: ERR4853563 | E95: TPA | F95: 1 | G95: 0 | H95: 1 | I95: 0 | J95: 1 | K95: 3 | L95: 1 | M95: 1 | N95: 1 | O95: - | P95: 1 | Q95: 1 | R95: other | S95: 1 | T95: =IF(I95=M95,I95,"other") -> other | U95: Agreement | W95: Agreement | Y95: Agreement | Z95: other | AA95: Agreement | AB95: 1
A96: TPA_BCC141 | B96: 31818_2#6 | C96: 31818_2#6.Treponema.ds2500000-reads | D96: ERR4853555 | E96: TPA | F96: 1 | G96: 0 | H96: 1 | I96: 0 | J96: 1 | K96: 3 | L96: 1 | M96: 1 | N96: 1 | O96: 3 | P96: 1 | Q96: 1 | R96: other | S96: 1 | T96: =IF(I96=M96,I96,"other") -> other | U96: Agreement | W96: Agreement | Y96: Agreement | Z96: Agreement | AA96: Agreement | AB96: 1
A97: TPA_BCC145 | B97: 31818_6#16 | C97: 31818_6#16.Treponema.ds2500000-reads | D97: ERR4853670 | E97: TPA | F97: 1 | G97: 0 | H97: 1 | I97: 0 | J97: 1 | K97: 3 | L97: 1 | M97: 1 | N97: - | O97: 3 | P97: 1 | Q97: 1 | R97: other | S97: 1 | T97: =IF(I97=M97,I97,"other") -> other | U97: Agreement | W97: Agreement | Y97: other | Z97: Agreement | AA97: Agreement | AB97: 1
A98: TPA_BCC176 | B98: 31818_6#22 | C98: 31818_6#22.Treponema.ds1506309-reads | D98: ERR4853676 | E98: TPA | F98: 1 | G98: 0 | H98: 1 | I98: 0 | J98: 1 | K98: 3 | L98: 1 | M98: 1 | N98: 1 | O98: - | P98: 1 | Q98: 1 | R98: other | S98: 1 | T98: =IF(I98=M98,I98,"other") -> other | U98: Agreement | W98: Agreement | Y98: Agreement | Z98: other | AA98: Agreement | AB98: 1
A99: TPA_BCC180 | B99: 31818_6#23 | C99: 31818_6#23.Treponema.ds1292706-reads | D99: ERR4853677 | E99: TPA | F99: 1 | G99: 0 | H99: 1 | I99: 0 | J99: 1 | K99: 3 | L99: 1 | M99: 1 | N99: 1 | O99: - | P99: 1 | Q99: 1 | R99: other | S99: 1 | T99: =IF(I99=M99,I99,"other") -> other | U99: Agreement | W99: Agreement | Y99: Agreement | Z99: other | AA99: Agreement | AB99: 1
A100: TPA_BCC198 | B100: 31818_2#13 | C100: 31818_2#13.Treponema.ds1580416-reads | D100: ERR4853562 | E100: TPA | F100: 1 | G100: 3 | H100: 0 | I100: 0 | J100: 1 | K100: 3 | L100: 1 | M100: 1 | N100: 1 | O100: 3 | P100: 1 | Q100: 1 | R100: 3 | S100: other | T100: =IF(I100=M100,I100,"other") -> other | U100: Agreement | V100: Agreement | Y100: Agreement | Z100: Agreement | AA100: Agreement | AB100: 1
A101: TPA_ALC162 | B101: 33027_5#24 | C101: 33027_5#24.Treponema.ds2500000-reads | D101: ERR5206984 | E101: TPA | F101: 1 | G101: 0 | H101: 1 | I101: 0 | J101: 1 | K101: 3 | L101: 1 | M101: 1 | N101: 1 | O101: 3 | P101: 1 | Q101: 1 | R101: other | S101: 1 | T101: =IF(I101=M101,I101,"other") -> other | U101: Agreement | W101: Agreement | Y101: Agreement | Z101: Agreement | AA101: Agreement | AB101: 1
A102: TPA_BCC103 | B102: 33027_7#19 | C102: 33027_7#19.Treponema.ds2500000-reads | D102: ERR5207003 | E102: TPA | F102: 1 | G102: 0 | H102: 1 | I102: 0 | J102: 1 | K102: 3 | L102: 1 | M102: 1 | N102: 1 | O102: 3 | P102: 1 | Q102: 1 | R102: other | S102: 1 | T102: =IF(I102=M102,I102,"other") -> other | U102: Agreement | W102: Agreement | Y102: Agreement | Z102: Agreement | AA102: Agreement | AB102: 1
A103: TPA_OMI022 | B103: 33027_7#29 | C103: 33027_7#29.Treponema.ds2500000-reads | D103: ERR5207009 | E103: TPA | F103: 1 | G103: 0 | H103: 1 | I103: 0 | J103: 1 | K103: 3 | L103: 1 | M103: 1 | N103: 1 | O103: 3 | P103: 1 | Q103: 1 | R103: other | S103: 1 | T103: =IF(I103=M103,I103,"other") -> other | U103: Agreement | W103: Agreement | Y103: Agreement | Z103: Agreement | AA103: Agreement | AB103: 1
A104: TPA_HUN190017 | B104: 35190_3#8 | C104: 35190_3#8.Treponema.ds1436673-reads | D104: ERR5207015 | E104: TPA | F104: 1 | G104: 0 | H104: 1 | I104: 0 | J104: 1 | K104: 3 | L104: 1 | M104: 1 | N104: 1 | O104: 3 | P104: 1 | Q104: 1 | R104: other | S104: 1 | T104: =IF(I104=M104,I104,"other") -> other | U104: Agreement | W104: Agreement | Y104: Agreement | Z104: Agreement | AA104: Agreement | AB104: 1
A105: PHE150170A | B105: 27455_2#13 | C105: 27455_2#13.Treponema.ds1801457-reads | D105: ERR3684494 | E105: TPA | F105: 3 | G105: 2 | H105: 0 | I105: 0 | J105: 3 | K105: 2 | L105: 3 | M105: 6 | N105: 3 | O105: 2 | P105: 3 | Q105: 3 | R105: 2 | S105: other | T105: =IF(I105=M105,I105,"other") -> other | U105: Agreement | V105: Agreement | Y105: Agreement | Z105: Agreement | AA105: Agreement | AB105: 3
A106: PHE170333A | B106: 27455_1#23 | C106: 27455_1#23.Treponema.ds2500000-reads | D106: ERR3684472 | E106: TPA | F106: 3 | G106: 0 | H106: 3 | I106: 0 | J106: 3 | K106: 2 | L106: 3 | M106: 6 | N106: 3 | O106: 2 | P106: 3 | Q106: 3 | R106: other | S106: 3 | T106: =IF(I106=M106,I106,"other") -> other | U106: Agreement | W106: Agreement | Y106: Agreement | Z106: Agreement | AA106: Agreement | AB106: 3
A107: PHE170386A | B107: 27455_1#29 | C107: 27455_1#29.Treponema.ds2500000-reads | D107: ERR3684478 | E107: TPA | F107: 3 | G107: 2 | H107: 0 | I107: 0 | J107: 3 | K107: 2 | L107: 8* | M107: Novel* | N107: 3 | O107: 2 | P107: - | Q107: 3 | R107: 2 | S107: other | T107: =IF(I107=M107,I107,"other") -> other | U107: Agreement | V107: Agreement | Y107: Agreement | Z107: Agreement | AA107: other | AB107: 3
A108: TPA_UKBRG007 | B108: 31818_4#2 | C108: 31818_4#2.Treponema.ds1597286-reads | D108: ERR4853603 | E108: TPA | F108: 3 | G108: 0 | H108: 3 | I108: 0 | J108: 3 | K108: 2 | L108: 3 | M108: 6 | N108: 3 | O108: 2 | P108: 3 | Q108: 3 | R108: other | S108: 3 | T108: =IF(I108=M108,I108,"other") -> other | U108: Agreement | W108: Agreement | Y108: Agreement | Z108: Agreement | AA108: Agreement | AB108: 3
A109: TPA_HUN180004 | B109: 35190_3#3 | C109: 35190_3#3.Treponema.ds1868063-reads | D109: ERR5210563 | E109: TPA | F109: 3 | G109: 0 | H109: 0 | I109: 0 | J109: 3 | K109: 2 | L109: 3* | M109: 6* | N109: - | O109: 2 | P109: - | Q109: 3 | R109: other | S109: other | T109: =IF(I109=M109,I109,"other") -> other | U109: Agreement | Y109: other | Z109: Agreement | AA109: other | AB109: 3
A110: TPA_BCC109 | B110: 31818_1#11 | C110: 31818_1#11.Treponema.ds2500000-reads | D110: ERR4853537 | E110: TPA | F110: 19 | G110: 3 | H110: 0 | I110: 0 | J110: 19 | K110: 3 | L110: 1 | M110: 56 | N110: 19 | O110: 3 | P110: 1 | Q110: 19 | R110: 3 | S110: other | T110: =IF(I110=M110,I110,"other") -> other | U110: Agreement | V110: Agreement | Y110: Agreement | Z110: Agreement | AA110: Agreement | AB110: 19
A111: TPA_ZIM015 | B111: 31822_1#27 | C111: 31822_1#27.Treponema.ds1418347-reads | D111: ERR4899214 | E111: TPA | F111: 20 | G111: 0 | H111: 10 | I111: 0 | J111: 20 | K111: 2* | L111: 10 | M111: 65* | N111: 28 | O111: - | P111: 10 | Q111: 20 | R111: other | S111: 10 | T111: =IF(I111=M111,I111,"other") -> other | U111: Agreement | W111: Agreement | Y111: other | Z111: other | AA111: Agreement | AB111: 20
A112: PHE170322A | B112: 27455_1#22 | C112: 27455_1#22.Treponema.ds2500000-reads | D112: ERR3684471 | E112: TPA | F112: 28 | G112: 7 | H112: 3 | I112: 0 | J112: 28 | K112: 7 | L112: 3 | M112: Novel | N112: 28 | O112: 7 | P112: 3 | Q112: 28 | R112: 7 | S112: 3 | T112: =IF(I112=M112,I112,"other") -> other | U112: Agreement | V112: Agreement | W112: Agreement | Y112: Agreement | Z112: Agreement | AA112: Agreement | AB112: 28
A113: PHE120013A | B113: 27455_4#2 | C113: 27455_4#2.Treponema.ds2500000-reads | D113: ERR3684565 | E113: TPA | F113: 0 | G113: 3 | H113: 1 | I113: 0 | J113: 1 | K113: 3 | L113: 1 | M113: 1 | N113: - | O113: 3 | P113: 1 | Q113: other | R113: 3 | S113: 1 | T113: =IF(I113=M113,I113,"other") -> other | V113: Agreement | W113: Agreement | Y113: other | Z113: Agreement | AA113: Agreement
A114: PHE120014A | B114: 27455_7#1 | C114: 27455_7#1.Treponema.ds2500000-reads | D114: ERR3684694 | E114: TPA | F114: 0 | G114: 0 | H114: 0 | I114: 0 | J114: 1 | K114: 1 | L114: 1 | M114: 2 | N114: 1 | O114: 1 | P114: - | Q114: other | R114: other | S114: other | T114: =IF(I114=M114,I114,"other") -> other | Y114: Agreement | Z114: Agreement | AA114: other | AB114: 1
A115: PHE120019A | B115: 27455_4#3 | C115: 27455_4#3.Treponema.ds2500000-reads | D115: ERR3684566 | E115: TPA | F115: 0 | G115: 0 | H115: 0 | I115: 0 | J115: 1 | K115: 3 | L115: 1 | M115: 1 | N115: 1 | O115: 3 | P115: 1 | Q115: other | R115: other | S115: other | T115: =IF(I115=M115,I115,"other") -> other | Y115: Agreement | Z115: Agreement | AA115: Agreement | AB115: 1
A116: PHE120027A | B116: 27455_6#2 | C116: 27455_6#2.Treponema.ds2267554-reads | D116: ERR3684653 | E116: TPA | F116: 0 | G116: 0 | H116: 1 | I116: 0 | J116: 1 | K116: 3 | L116: 1 | M116: 1 | N116: - | O116: 3 | P116: - | Q116: other | R116: other | S116: 1 | T116: =IF(I116=M116,I116,"other") -> other | W116: Agreement | Y116: other | Z116: Agreement | AA116: other | AB116: 1
A117: PHE130050A | B117: 27455_6#8 | C117: 27455_6#8.Treponema.ds2500000-reads | D117: ERR3684659 | E117: TPA | F117: 0 | G117: 0 | H117: 9 | I117: 0 | J117: 1 | K117: 17 | L117: 9 | M117: 28 | N117: - | O117: - | P117: 9 | Q117: other | R117: other | S117: 9 | T117: =IF(I117=M117,I117,"other") -> other | W117: Agreement | Y117: other | Z117: other | AA117: Agreement | AB117: 1
A118: PHE140074A | B118: 27455_3#7 | C118: 27455_3#7.Treponema.ds2500000-reads | D118: ERR3684525 | E118: TPA | F118: 0 | G118: 0 | H118: 1 | I118: 0 | J118: 1 | K118: 3 | L118: 1 | M118: 1 | N118: - | O118: 3 | P118: 1 | Q118: other | R118: other | S118: 1 | T118: =IF(I118=M118,I118,"other") -> other | W118: Agreement | Y118: other | Z118: Agreement | AA118: Agreement | AB118: 1
A119: PHE140095A | B119: 27455_3#8 | C119: 27455_3#8.Treponema.ds2500000-reads | D119: ERR3684526 | E119: TPA | F119: 0 | G119: 3 | H119: 1 | I119: 0 | J119: 1 | K119: 3 | L119: 1 | M119: 1 | N119: - | O119: 3 | P119: 1 | Q119: other | R119: 3 | S119: 1 | T119: =IF(I119=M119,I119,"other") -> other | V119: Agreement | W119: Agreement | Y119: other | Z119: Agreement | AA119: Agreement | AB119: 1
A120: PHE140105A | B120: 27455_7#9 | C120: 27455_7#9.Treponema.ds2500000-reads | D120: ERR3684702 | E120: TPA | F120: 0 | G120: 3 | H120: 0 | I120: 0 | J120: 1 | K120: 3 | L120: 2* | M120: Novel* | N120: - | O120: 3 | P120: - | Q120: other | R120: 3 | S120: other | T120: =IF(I120=M120,I120,"other") -> other | V120: Agreement | Y120: other | Z120: Agreement | AA120: other | AB120: 1
A121: PHE150119A | B121: 27455_5#10 | C121: 27455_5#10.Treponema.ds2500000-reads | D121: ERR3684618 | E121: TPA | F121: 0 | G121: 0 | H121: 1 | I121: 0 | J121: 1 | K121: 3 | L121: 1 | M121: 1 | N121: 1 | O121: 3 | P121: 1 | Q121: other | R121: other | S121: 1 | T121: =IF(I121=M121,I121,"other") -> other | W121: Agreement | Y121: Agreement | Z121: Agreement | AA121: Agreement | AB121: 1
A122: PHE150177A | B122: 27455_3#13 | C122: 27455_3#13.Treponema.ds2500000-reads | D122: ERR3684531 | E122: TPA | F122: 0 | G122: 0 | H122: 8 | I122: 0 | J122: 1 | K122: 1 | L122: 8 | M122: 3 | N122: 1 | O122: 1 | P122: 8 | Q122: other | R122: other | S122: 8 | T122: =IF(I122=M122,I122,"other") -> other | W122: Agreement | Y122: Agreement | Z122: Agreement | AA122: Agreement | AB122: 1
A123: PHE160184A | B123: 27455_6#18 | C123: 27455_6#18.Treponema.ds2500000-reads | D123: ERR3684669 | E123: TPA | F123: 0 | G123: 0 | H123: 1 | I123: 0 | J123: 1 | K123: 3 | L123: 1* | M123: 1* | N123: - | O123: 3 | P123: - | Q123: other | R123: other | S123: other | T123: =IF(I123=M123,I123,"other") -> other | Y123: other | Z123: Agreement | AA123: other | AB123: 1
A124: PHE160211A | B124: 27455_3#16 | C124: 27455_3#16.Treponema.ds2500000-reads | D124: ERR3684534 | E124: TPA | F124: 0 | G124: 3 | H124: 1 | I124: 0 | J124: 1 | K124: 3 | L124: 1 | M124: 1 | N124: 1 | O124: 3 | P124: 1 | Q124: other | R124: 3 | S124: 1 | T124: =IF(I124=M124,I124,"other") -> other | V124: Agreement | W124: Agreement | Y124: Agreement | Z124: Agreement | AA124: Agreement | AB124: 1
A125: PHE160238A | B125: 27455_5#18 | C125: 27455_5#18.Treponema.ds2500000-reads | D125: ERR3684626 | E125: TPA | F125: 0 | G125: 0 | H125: 0 | I125: 0 | J125: 1 | K125: 3 | L125: 1 | M125: 1 | N125: - | O125: - | P125: 1 | Q125: other | R125: other | S125: other | T125: =IF(I125=M125,I125,"other") -> other | Y125: other | Z125: other | AA125: Agreement | AB125: 1
A126: PHE160262A | B126: 27455_2#20 | C126: 27455_2#20.Treponema.ds2500000-reads | D126: ERR3684501 | E126: TPA | F126: 0 | G126: 3 | H126: 1 | I126: 0 | J126: 1 | K126: 3 | L126: 1 | M126: 1 | N126: 1 | O126: 3 | P126: 1 | Q126: other | R126: 3 | S126: 1 | T126: =IF(I126=M126,I126,"other") -> other | V126: Agreement | W126: Agreement | Y126: Agreement | Z126: Agreement | AA126: Agreement | AB126: 1
A127: PHE160292A | B127: 27455_4#29 | C127: 27455_4#29.Treponema.ds2458436-reads | D127: ERR3684592 | E127: TPA | F127: 0 | G127: 0 | H127: 1 | I127: 0 | J127: 1 | K127: 82* | L127: 1 | M127: 123* | N127: - | O127: 3 | P127: 1 | Q127: other | R127: other | S127: 1 | T127: =IF(I127=M127,I127,"other") -> other | W127: Agreement | Y127: other | Z127: other | AA127: Agreement | AB127: 1
...
